X,CH1,CH2,CH4,Start,Increment,
Sequence,Volt,Volt,Volt,-6.000000e-01,1.000000e-03
0,0.00e+00,5.00e+01,6.04e-01,
1,0.00e+00,5.00e+01,6.04e-01,
2,0.00e+00,5.20e+01,6.08e-01,
3,0.00e+00,5.20e+01,6.08e-01,
4,0.00e+00,5.20e+01,6.08e-01,
5,0.00e+00,5.20e+01,6.08e-01,
6,0.00e+00,5.20e+01,6.22e-01,
7,0.00e+00,5.20e+01,6.22e-01,
8,0.00e+00,5.20e+01,6.32e-01,
9,0.00e+00,5.20e+01,6.32e-01,
10,-2.00e-01,5.00e+01,6.46e-01,
11,-2.00e-01,5.00e+01,6.46e-01,
12,-2.00e-01,5.20e+01,6.38e-01,
13,-2.00e-01,5.20e+01,6.38e-01,
14,0.00e+00,5.20e+01,6.44e-01,
15,0.00e+00,5.20e+01,6.44e-01,
16,0.00e+00,5.20e+01,6.50e-01,
17,0.00e+00,5.20e+01,6.50e-01,
18,0.00e+00,5.20e+01,6.70e-01,
19,0.00e+00,5.20e+01,6.70e-01,
20,0.00e+00,5.20e+01,6.68e-01,
21,0.00e+00,5.20e+01,6.68e-01,
22,0.00e+00,5.20e+01,6.80e-01,
23,0.00e+00,5.20e+01,6.80e-01,
24,0.00e+00,5.20e+01,6.86e-01,
25,0.00e+00,5.20e+01,6.86e-01,
26,0.00e+00,5.20e+01,6.80e-01,
27,0.00e+00,5.20e+01,6.80e-01,
28,-2.00e-01,5.20e+01,6.86e-01,
29,-2.00e-01,5.20e+01,6.86e-01,
30,0.00e+00,5.20e+01,6.98e-01,
31,0.00e+00,5.20e+01,6.98e-01,
32,0.00e+00,5.20e+01,7.12e-01,
33,0.00e+00,5.20e+01,7.12e-01,
34,-2.00e-01,5.00e+01,7.06e-01,
35,-2.00e-01,5.00e+01,7.06e-01,
36,0.00e+00,5.00e+01,7.08e-01,
37,0.00e+00,5.00e+01,7.08e-01,
38,0.00e+00,5.00e+01,7.16e-01,
39,0.00e+00,5.00e+01,7.16e-01,
40,-2.00e-01,5.20e+01,7.26e-01,
41,-2.00e-01,5.20e+01,7.26e-01,
42,0.00e+00,5.00e+01,7.32e-01,
43,0.00e+00,5.00e+01,7.32e-01,
44,-2.00e-01,5.00e+01,7.38e-01,
45,-2.00e-01,5.00e+01,7.38e-01,
46,-2.00e-01,5.00e+01,7.30e-01,
47,-2.00e-01,5.00e+01,7.30e-01,
48,-2.00e-01,5.20e+01,7.48e-01,
49,-2.00e-01,5.20e+01,7.48e-01,
50,-2.00e-01,5.20e+01,7.50e-01,
51,-2.00e-01,5.20e+01,7.50e-01,
52,0.00e+00,5.00e+01,7.52e-01,
53,0.00e+00,5.00e+01,7.52e-01,
54,0.00e+00,5.20e+01,7.54e-01,
55,0.00e+00,5.20e+01,7.54e-01,
56,0.00e+00,4.20e+01,5.84e-01,
57,0.00e+00,4.20e+01,5.84e-01,
58,-2.00e-01,4.00e+00,5.08e-01,
59,-2.00e-01,4.00e+00,5.08e-01,
60,0.00e+00,4.00e+00,6.34e-01,
61,0.00e+00,4.00e+00,6.34e-01,
62,0.00e+00,4.00e+00,6.36e-01,
63,0.00e+00,4.00e+00,6.36e-01,
64,-2.00e-01,4.00e+00,6.24e-01,
65,-2.00e-01,4.00e+00,6.24e-01,
66,0.00e+00,4.00e+00,6.14e-01,
67,0.00e+00,4.00e+00,6.14e-01,
68,0.00e+00,4.00e+00,6.18e-01,
69,0.00e+00,4.00e+00,6.18e-01,
70,-2.00e-01,4.00e+00,6.22e-01,
71,-2.00e-01,4.00e+00,6.22e-01,
72,0.00e+00,4.00e+00,6.10e-01,
73,0.00e+00,4.00e+00,6.10e-01,
74,-2.00e-01,4.00e+00,6.18e-01,
75,-2.00e-01,4.00e+00,6.18e-01,
76,0.00e+00,4.00e+00,6.04e-01,
77,0.00e+00,4.00e+00,6.04e-01,
78,0.00e+00,4.00e+00,6.08e-01,
79,0.00e+00,4.00e+00,6.08e-01,
80,0.00e+00,4.00e+00,5.96e-01,
81,0.00e+00,4.00e+00,5.96e-01,
82,-2.00e-01,4.00e+00,5.92e-01,
83,-2.00e-01,4.00e+00,5.92e-01,
84,0.00e+00,4.00e+00,5.96e-01,
85,0.00e+00,4.00e+00,5.96e-01,
86,-2.00e-01,4.00e+00,5.84e-01,
87,-2.00e-01,4.00e+00,5.84e-01,
88,0.00e+00,4.00e+00,5.80e-01,
89,0.00e+00,4.00e+00,5.80e-01,
90,0.00e+00,4.00e+00,5.78e-01,
91,0.00e+00,4.00e+00,5.78e-01,
92,-2.00e-01,4.00e+00,5.76e-01,
93,-2.00e-01,4.00e+00,5.76e-01,
94,0.00e+00,4.00e+00,5.68e-01,
95,0.00e+00,4.00e+00,5.68e-01,
96,2.00e-01,4.00e+00,5.60e-01,
97,2.00e-01,4.00e+00,5.60e-01,
98,-2.00e-01,4.00e+00,5.68e-01,
99,-2.00e-01,4.00e+00,5.68e-01,
100,0.00e+00,4.00e+00,5.50e-01,
101,0.00e+00,4.00e+00,5.50e-01,
102,0.00e+00,4.00e+00,5.62e-01,
103,0.00e+00,4.00e+00,5.62e-01,
104,0.00e+00,4.00e+00,5.56e-01,
105,0.00e+00,4.00e+00,5.56e-01,
106,0.00e+00,4.00e+00,5.48e-01,
107,0.00e+00,4.00e+00,5.48e-01,
108,2.00e-01,4.00e+00,5.44e-01,
109,2.00e-01,4.00e+00,5.44e-01,
110,-2.00e-01,4.00e+00,5.36e-01,
111,-2.00e-01,4.00e+00,5.36e-01,
112,0.00e+00,4.00e+00,5.42e-01,
113,0.00e+00,4.00e+00,5.42e-01,
114,-2.00e-01,4.00e+00,5.22e-01,
115,-2.00e-01,4.00e+00,5.22e-01,
116,0.00e+00,4.00e+00,5.36e-01,
117,0.00e+00,4.00e+00,5.36e-01,
118,0.00e+00,4.00e+00,5.18e-01,
119,0.00e+00,4.00e+00,5.18e-01,
120,0.00e+00,4.00e+00,5.34e-01,
121,0.00e+00,4.00e+00,5.34e-01,
122,0.00e+00,4.00e+00,5.24e-01,
123,0.00e+00,4.00e+00,5.24e-01,
124,0.00e+00,4.00e+00,5.26e-01,
125,0.00e+00,4.00e+00,5.26e-01,
126,-2.00e-01,4.00e+00,5.26e-01,
127,-2.00e-01,4.00e+00,5.26e-01,
128,0.00e+00,4.00e+00,5.08e-01,
129,0.00e+00,4.00e+00,5.08e-01,
130,0.00e+00,4.00e+00,5.26e-01,
131,0.00e+00,4.00e+00,5.26e-01,
132,0.00e+00,4.00e+00,5.14e-01,
133,0.00e+00,4.00e+00,5.14e-01,
134,0.00e+00,4.00e+00,5.02e-01,
135,0.00e+00,4.00e+00,5.02e-01,
136,0.00e+00,4.00e+00,5.02e-01,
137,0.00e+00,4.00e+00,5.02e-01,
138,0.00e+00,4.00e+00,4.98e-01,
139,0.00e+00,4.00e+00,4.98e-01,
140,0.00e+00,4.00e+00,4.98e-01,
141,0.00e+00,4.00e+00,4.98e-01,
142,0.00e+00,6.00e+00,4.84e-01,
143,0.00e+00,6.00e+00,4.84e-01,
144,0.00e+00,6.00e+00,4.88e-01,
145,0.00e+00,6.00e+00,4.88e-01,
146,0.00e+00,4.00e+00,4.84e-01,
147,0.00e+00,4.00e+00,4.84e-01,
148,0.00e+00,4.00e+00,5.00e-01,
149,0.00e+00,4.00e+00,5.00e-01,
150,0.00e+00,4.00e+00,4.96e-01,
151,0.00e+00,4.00e+00,4.96e-01,
152,0.00e+00,4.00e+00,4.90e-01,
153,0.00e+00,4.00e+00,4.90e-01,
154,0.00e+00,4.00e+00,4.88e-01,
155,0.00e+00,4.00e+00,4.88e-01,
156,2.00e-01,4.00e+00,4.84e-01,
157,2.00e-01,4.00e+00,4.84e-01,
158,0.00e+00,4.00e+00,4.82e-01,
159,0.00e+00,4.00e+00,4.82e-01,
160,0.00e+00,4.00e+00,4.78e-01,
161,0.00e+00,4.00e+00,4.78e-01,
162,-2.00e-01,4.00e+00,4.80e-01,
163,-2.00e-01,4.00e+00,4.80e-01,
164,0.00e+00,4.00e+00,4.76e-01,
165,0.00e+00,4.00e+00,4.76e-01,
166,-2.00e-01,4.00e+00,4.72e-01,
167,-2.00e-01,4.00e+00,4.72e-01,
168,0.00e+00,4.00e+00,4.62e-01,
169,0.00e+00,4.00e+00,4.62e-01,
170,0.00e+00,4.00e+00,4.76e-01,
171,0.00e+00,4.00e+00,4.76e-01,
172,-2.00e-01,4.00e+00,4.70e-01,
173,-2.00e-01,4.00e+00,4.70e-01,
174,0.00e+00,4.00e+00,4.70e-01,
175,0.00e+00,4.00e+00,4.70e-01,
176,0.00e+00,4.00e+00,4.72e-01,
177,0.00e+00,4.00e+00,4.72e-01,
178,0.00e+00,4.00e+00,4.72e-01,
179,0.00e+00,4.00e+00,4.72e-01,
180,0.00e+00,4.00e+00,4.70e-01,
181,0.00e+00,4.00e+00,4.70e-01,
182,0.00e+00,4.00e+00,4.66e-01,
183,0.00e+00,4.00e+00,4.66e-01,
184,0.00e+00,4.00e+00,4.68e-01,
185,0.00e+00,4.00e+00,4.68e-01,
186,0.00e+00,4.00e+00,4.58e-01,
187,0.00e+00,4.00e+00,4.58e-01,
188,0.00e+00,4.00e+00,4.76e-01,
189,0.00e+00,4.00e+00,4.76e-01,
190,-2.00e-01,4.00e+00,4.72e-01,
191,-2.00e-01,4.00e+00,4.72e-01,
192,0.00e+00,4.00e+00,4.70e-01,
193,0.00e+00,4.00e+00,4.70e-01,
194,0.00e+00,4.00e+00,4.72e-01,
195,0.00e+00,4.00e+00,4.72e-01,
196,0.00e+00,4.00e+00,4.62e-01,
197,0.00e+00,4.00e+00,4.62e-01,
198,0.00e+00,4.00e+00,4.84e-01,
199,0.00e+00,4.00e+00,4.84e-01,
200,-2.00e-01,6.00e+00,4.82e-01,
201,-2.00e-01,6.00e+00,4.82e-01,
202,0.00e+00,5.00e+01,4.70e-01,
203,0.00e+00,5.00e+01,4.70e-01,
204,0.00e+00,5.20e+01,4.74e-01,
205,0.00e+00,5.20e+01,4.74e-01,
206,0.00e+00,5.20e+01,4.74e-01,
207,0.00e+00,5.20e+01,4.74e-01,
208,0.00e+00,5.20e+01,4.68e-01,
209,0.00e+00,5.20e+01,4.68e-01,
210,0.00e+00,5.20e+01,4.80e-01,
211,0.00e+00,5.20e+01,4.80e-01,
212,-2.00e-01,5.20e+01,4.76e-01,
213,-2.00e-01,5.20e+01,4.76e-01,
214,0.00e+00,5.00e+01,4.84e-01,
215,0.00e+00,5.00e+01,4.84e-01,
216,0.00e+00,5.00e+01,4.74e-01,
217,0.00e+00,5.00e+01,4.74e-01,
218,-2.00e-01,5.20e+01,4.90e-01,
219,-2.00e-01,5.20e+01,4.90e-01,
220,-2.00e-01,5.00e+01,4.90e-01,
221,-2.00e-01,5.00e+01,4.90e-01,
222,0.00e+00,5.20e+01,4.86e-01,
223,0.00e+00,5.20e+01,4.86e-01,
224,0.00e+00,5.20e+01,4.84e-01,
225,0.00e+00,5.20e+01,4.84e-01,
226,0.00e+00,5.00e+01,4.86e-01,
227,0.00e+00,5.00e+01,4.86e-01,
228,-2.00e-01,5.20e+01,4.96e-01,
229,-2.00e-01,5.20e+01,4.96e-01,
230,0.00e+00,5.00e+01,5.08e-01,
231,0.00e+00,5.00e+01,5.08e-01,
232,0.00e+00,5.00e+01,5.00e-01,
233,0.00e+00,5.00e+01,5.00e-01,
234,0.00e+00,5.00e+01,5.00e-01,
235,0.00e+00,5.00e+01,5.00e-01,
236,0.00e+00,5.20e+01,5.10e-01,
237,0.00e+00,5.20e+01,5.10e-01,
238,-2.00e-01,5.00e+01,5.00e-01,
239,-2.00e-01,5.00e+01,5.00e-01,
240,-2.00e-01,5.00e+01,5.14e-01,
241,-2.00e-01,5.00e+01,5.14e-01,
242,0.00e+00,5.00e+01,5.26e-01,
243,0.00e+00,5.00e+01,5.26e-01,
244,-2.00e-01,5.20e+01,5.30e-01,
245,-2.00e-01,5.20e+01,5.30e-01,
246,-2.00e-01,5.00e+01,5.32e-01,
247,-2.00e-01,5.00e+01,5.32e-01,
248,-2.00e-01,5.20e+01,5.28e-01,
249,-2.00e-01,5.20e+01,5.28e-01,
250,0.00e+00,5.20e+01,5.30e-01,
251,0.00e+00,5.20e+01,5.30e-01,
252,0.00e+00,5.00e+01,5.44e-01,
253,0.00e+00,5.00e+01,5.44e-01,
254,0.00e+00,5.00e+01,5.50e-01,
255,0.00e+00,5.00e+01,5.50e-01,
256,-2.00e-01,5.20e+01,5.52e-01,
257,-2.00e-01,5.20e+01,5.52e-01,
258,0.00e+00,5.20e+01,5.64e-01,
259,0.00e+00,5.20e+01,5.64e-01,
260,0.00e+00,5.00e+01,5.62e-01,
261,0.00e+00,5.00e+01,5.62e-01,
262,2.00e-01,5.20e+01,5.78e-01,
263,2.00e-01,5.20e+01,5.78e-01,
264,0.00e+00,5.00e+01,5.86e-01,
265,0.00e+00,5.00e+01,5.86e-01,
266,0.00e+00,5.00e+01,5.86e-01,
267,0.00e+00,5.00e+01,5.86e-01,
268,0.00e+00,5.20e+01,5.86e-01,
269,0.00e+00,5.20e+01,5.86e-01,
270,-2.00e-01,5.00e+01,5.94e-01,
271,-2.00e-01,5.00e+01,5.94e-01,
272,0.00e+00,5.20e+01,6.06e-01,
273,0.00e+00,5.20e+01,6.06e-01,
274,0.00e+00,5.00e+01,6.08e-01,
275,0.00e+00,5.00e+01,6.08e-01,
276,-2.00e-01,5.00e+01,6.06e-01,
277,-2.00e-01,5.00e+01,6.06e-01,
278,0.00e+00,5.20e+01,6.26e-01,
279,0.00e+00,5.20e+01,6.26e-01,
280,0.00e+00,5.00e+01,6.28e-01,
281,0.00e+00,5.00e+01,6.28e-01,
282,0.00e+00,5.00e+01,6.28e-01,
283,0.00e+00,5.00e+01,6.28e-01,
284,0.00e+00,5.00e+01,6.46e-01,
285,0.00e+00,5.00e+01,6.46e-01,
286,0.00e+00,5.20e+01,6.68e-01,
287,0.00e+00,5.20e+01,6.68e-01,
288,0.00e+00,5.20e+01,6.54e-01,
289,0.00e+00,5.20e+01,6.54e-01,
290,0.00e+00,5.00e+01,6.72e-01,
291,0.00e+00,5.00e+01,6.72e-01,
292,0.00e+00,5.00e+01,6.84e-01,
293,0.00e+00,5.00e+01,6.84e-01,
294,-2.00e-01,5.00e+01,6.88e-01,
295,-2.00e-01,5.00e+01,6.88e-01,
296,0.00e+00,5.00e+01,6.80e-01,
297,0.00e+00,5.00e+01,6.80e-01,
298,0.00e+00,5.20e+01,6.92e-01,
299,0.00e+00,5.20e+01,6.92e-01,
300,0.00e+00,5.20e+01,7.00e-01,
301,0.00e+00,5.20e+01,7.00e-01,
302,-2.00e-01,5.20e+01,7.12e-01,
303,-2.00e-01,5.20e+01,7.12e-01,
304,0.00e+00,5.20e+01,7.12e-01,
305,0.00e+00,5.20e+01,7.12e-01,
306,0.00e+00,5.20e+01,7.14e-01,
307,0.00e+00,5.20e+01,7.14e-01,
308,0.00e+00,5.20e+01,7.18e-01,
309,0.00e+00,5.20e+01,7.18e-01,
310,0.00e+00,5.20e+01,7.22e-01,
311,0.00e+00,5.20e+01,7.22e-01,
312,0.00e+00,5.20e+01,7.26e-01,
313,0.00e+00,5.20e+01,7.26e-01,
314,0.00e+00,5.20e+01,7.36e-01,
315,0.00e+00,5.20e+01,7.36e-01,
316,0.00e+00,5.20e+01,7.34e-01,
317,0.00e+00,5.20e+01,7.34e-01,
318,0.00e+00,5.20e+01,7.42e-01,
319,0.00e+00,5.20e+01,7.42e-01,
320,-2.00e-01,5.20e+01,7.48e-01,
321,-2.00e-01,5.20e+01,7.48e-01,
322,0.00e+00,5.00e+01,7.54e-01,
323,0.00e+00,5.00e+01,7.54e-01,
324,0.00e+00,5.00e+01,7.54e-01,
325,0.00e+00,5.00e+01,7.54e-01,
326,0.00e+00,4.80e+01,7.32e-01,
327,0.00e+00,4.80e+01,7.32e-01,
328,0.00e+00,4.00e+00,4.80e-01,
329,0.00e+00,4.00e+00,4.80e-01,
330,0.00e+00,4.00e+00,5.86e-01,
331,0.00e+00,4.00e+00,5.86e-01,
332,0.00e+00,4.00e+00,6.24e-01,
333,0.00e+00,4.00e+00,6.24e-01,
334,0.00e+00,4.00e+00,6.28e-01,
335,0.00e+00,4.00e+00,6.28e-01,
336,0.00e+00,4.00e+00,6.16e-01,
337,0.00e+00,4.00e+00,6.16e-01,
338,0.00e+00,4.00e+00,6.18e-01,
339,0.00e+00,4.00e+00,6.18e-01,
340,0.00e+00,4.00e+00,6.16e-01,
341,0.00e+00,4.00e+00,6.16e-01,
342,-2.00e-01,4.00e+00,6.06e-01,
343,-2.00e-01,4.00e+00,6.06e-01,
344,-2.00e-01,4.00e+00,6.18e-01,
345,-2.00e-01,4.00e+00,6.18e-01,
346,0.00e+00,4.00e+00,6.18e-01,
347,0.00e+00,4.00e+00,6.18e-01,
348,0.00e+00,4.00e+00,6.12e-01,
349,0.00e+00,4.00e+00,6.12e-01,
350,0.00e+00,4.00e+00,5.92e-01,
351,0.00e+00,4.00e+00,5.92e-01,
352,0.00e+00,4.00e+00,5.94e-01,
353,0.00e+00,4.00e+00,5.94e-01,
354,0.00e+00,4.00e+00,5.96e-01,
355,0.00e+00,4.00e+00,5.96e-01,
356,0.00e+00,4.00e+00,5.96e-01,
357,0.00e+00,4.00e+00,5.96e-01,
358,0.00e+00,4.00e+00,5.98e-01,
359,0.00e+00,4.00e+00,5.98e-01,
360,0.00e+00,4.00e+00,5.82e-01,
361,0.00e+00,4.00e+00,5.82e-01,
362,0.00e+00,4.00e+00,5.74e-01,
363,0.00e+00,4.00e+00,5.74e-01,
364,-2.00e-01,4.00e+00,5.78e-01,
365,-2.00e-01,4.00e+00,5.78e-01,
366,0.00e+00,4.00e+00,5.72e-01,
367,0.00e+00,4.00e+00,5.72e-01,
368,0.00e+00,4.00e+00,5.70e-01,
369,0.00e+00,4.00e+00,5.70e-01,
370,0.00e+00,4.00e+00,5.74e-01,
371,0.00e+00,4.00e+00,5.74e-01,
372,0.00e+00,4.00e+00,5.58e-01,
373,0.00e+00,4.00e+00,5.58e-01,
374,0.00e+00,4.00e+00,5.50e-01,
375,0.00e+00,4.00e+00,5.50e-01,
376,-2.00e-01,4.00e+00,5.56e-01,
377,-2.00e-01,4.00e+00,5.56e-01,
378,0.00e+00,4.00e+00,5.54e-01,
379,0.00e+00,4.00e+00,5.54e-01,
380,0.00e+00,4.00e+00,5.54e-01,
381,0.00e+00,4.00e+00,5.54e-01,
382,0.00e+00,4.00e+00,5.38e-01,
383,0.00e+00,4.00e+00,5.38e-01,
384,-2.00e-01,4.00e+00,5.40e-01,
385,-2.00e-01,4.00e+00,5.40e-01,
386,0.00e+00,4.00e+00,5.34e-01,
387,0.00e+00,4.00e+00,5.34e-01,
388,-2.00e-01,4.00e+00,5.26e-01,
389,-2.00e-01,4.00e+00,5.26e-01,
390,0.00e+00,4.00e+00,5.36e-01,
391,0.00e+00,4.00e+00,5.36e-01,
392,0.00e+00,4.00e+00,5.20e-01,
393,0.00e+00,4.00e+00,5.20e-01,
394,0.00e+00,4.00e+00,5.20e-01,
395,0.00e+00,4.00e+00,5.20e-01,
396,0.00e+00,4.00e+00,5.20e-01,
397,0.00e+00,4.00e+00,5.20e-01,
398,0.00e+00,4.00e+00,5.18e-01,
399,0.00e+00,4.00e+00,5.18e-01,
400,0.00e+00,4.00e+00,5.00e-01,
401,0.00e+00,4.00e+00,5.00e-01,
402,0.00e+00,4.00e+00,5.08e-01,
403,0.00e+00,4.00e+00,5.08e-01,
404,0.00e+00,4.00e+00,5.04e-01,
405,0.00e+00,4.00e+00,5.04e-01,
406,0.00e+00,4.00e+00,5.02e-01,
407,0.00e+00,4.00e+00,5.02e-01,
408,-2.00e-01,4.00e+00,4.98e-01,
409,-2.00e-01,4.00e+00,4.98e-01,
410,0.00e+00,4.00e+00,5.00e-01,
411,0.00e+00,4.00e+00,5.00e-01,
412,0.00e+00,4.00e+00,4.90e-01,
413,0.00e+00,4.00e+00,4.90e-01,
414,-2.00e-01,4.00e+00,4.88e-01,
415,-2.00e-01,4.00e+00,4.88e-01,
416,0.00e+00,4.00e+00,4.88e-01,
417,0.00e+00,4.00e+00,4.88e-01,
418,0.00e+00,4.00e+00,4.88e-01,
419,0.00e+00,4.00e+00,4.88e-01,
420,-2.00e-01,4.00e+00,4.80e-01,
421,-2.00e-01,4.00e+00,4.80e-01,
422,0.00e+00,4.00e+00,4.82e-01,
423,0.00e+00,4.00e+00,4.82e-01,
424,0.00e+00,4.00e+00,4.86e-01,
425,0.00e+00,4.00e+00,4.86e-01,
426,0.00e+00,6.00e+00,4.84e-01,
427,0.00e+00,6.00e+00,4.84e-01,
428,0.00e+00,4.00e+00,4.88e-01,
429,0.00e+00,4.00e+00,4.88e-01,
430,0.00e+00,4.00e+00,4.70e-01,
431,0.00e+00,4.00e+00,4.70e-01,
432,0.00e+00,4.00e+00,4.66e-01,
433,0.00e+00,4.00e+00,4.66e-01,
434,0.00e+00,4.00e+00,4.76e-01,
435,0.00e+00,4.00e+00,4.76e-01,
436,0.00e+00,4.00e+00,4.84e-01,
437,0.00e+00,4.00e+00,4.84e-01,
438,0.00e+00,4.00e+00,4.74e-01,
439,0.00e+00,4.00e+00,4.74e-01,
440,0.00e+00,4.00e+00,4.70e-01,
441,0.00e+00,4.00e+00,4.70e-01,
442,0.00e+00,4.00e+00,4.64e-01,
443,0.00e+00,4.00e+00,4.64e-01,
444,0.00e+00,4.00e+00,4.62e-01,
445,0.00e+00,4.00e+00,4.62e-01,
446,0.00e+00,4.00e+00,4.74e-01,
447,0.00e+00,4.00e+00,4.74e-01,
448,-2.00e-01,4.00e+00,4.60e-01,
449,-2.00e-01,4.00e+00,4.60e-01,
450,0.00e+00,4.00e+00,4.76e-01,
451,0.00e+00,4.00e+00,4.76e-01,
452,0.00e+00,4.00e+00,4.72e-01,
453,0.00e+00,4.00e+00,4.72e-01,
454,0.00e+00,4.00e+00,4.72e-01,
455,0.00e+00,4.00e+00,4.72e-01,
456,0.00e+00,4.00e+00,4.62e-01,
457,0.00e+00,4.00e+00,4.62e-01,
458,0.00e+00,4.00e+00,4.72e-01,
459,0.00e+00,4.00e+00,4.72e-01,
460,0.00e+00,4.00e+00,4.74e-01,
461,0.00e+00,4.00e+00,4.74e-01,
462,0.00e+00,4.00e+00,4.68e-01,
463,0.00e+00,4.00e+00,4.68e-01,
464,-2.00e-01,4.00e+00,4.84e-01,
465,-2.00e-01,4.00e+00,4.84e-01,
466,0.00e+00,4.00e+00,4.70e-01,
467,0.00e+00,4.00e+00,4.70e-01,
468,0.00e+00,4.00e+00,4.74e-01,
469,0.00e+00,4.00e+00,4.74e-01,
470,-2.00e-01,4.00e+00,4.80e-01,
471,-2.00e-01,4.00e+00,4.80e-01,
472,0.00e+00,1.20e+01,4.64e-01,
473,0.00e+00,1.20e+01,4.64e-01,
474,0.00e+00,5.00e+01,4.74e-01,
475,0.00e+00,5.00e+01,4.74e-01,
476,0.00e+00,5.00e+01,4.78e-01,
477,0.00e+00,5.00e+01,4.78e-01,
478,0.00e+00,5.00e+01,4.72e-01,
479,0.00e+00,5.00e+01,4.72e-01,
480,0.00e+00,5.00e+01,4.80e-01,
481,0.00e+00,5.00e+01,4.80e-01,
482,0.00e+00,5.20e+01,4.84e-01,
483,0.00e+00,5.20e+01,4.84e-01,
484,0.00e+00,5.20e+01,4.80e-01,
485,0.00e+00,5.20e+01,4.80e-01,
486,0.00e+00,5.20e+01,4.82e-01,
487,0.00e+00,5.20e+01,4.82e-01,
488,0.00e+00,5.20e+01,4.74e-01,
489,0.00e+00,5.20e+01,4.74e-01,
490,0.00e+00,5.00e+01,4.78e-01,
491,0.00e+00,5.00e+01,4.78e-01,
492,0.00e+00,5.20e+01,4.82e-01,
493,0.00e+00,5.20e+01,4.82e-01,
494,0.00e+00,5.00e+01,4.80e-01,
495,0.00e+00,5.00e+01,4.80e-01,
496,0.00e+00,5.20e+01,4.86e-01,
497,0.00e+00,5.20e+01,4.86e-01,
498,0.00e+00,5.20e+01,4.90e-01,
499,0.00e+00,5.20e+01,4.90e-01,
500,0.00e+00,5.20e+01,4.94e-01,
501,0.00e+00,5.20e+01,4.94e-01,
502,-2.00e-01,5.20e+01,4.94e-01,
503,-2.00e-01,5.20e+01,4.94e-01,
504,-2.00e-01,5.20e+01,5.10e-01,
505,-2.00e-01,5.20e+01,5.10e-01,
506,0.00e+00,5.20e+01,4.98e-01,
507,0.00e+00,5.20e+01,4.98e-01,
508,0.00e+00,5.00e+01,5.06e-01,
509,0.00e+00,5.00e+01,5.06e-01,
510,0.00e+00,5.20e+01,5.16e-01,
511,0.00e+00,5.20e+01,5.16e-01,
512,-2.00e-01,5.00e+01,5.12e-01,
513,-2.00e-01,5.00e+01,5.12e-01,
514,-2.00e-01,5.20e+01,5.20e-01,
515,-2.00e-01,5.20e+01,5.20e-01,
516,2.00e-01,5.00e+01,5.24e-01,
517,2.00e-01,5.00e+01,5.24e-01,
518,0.00e+00,5.00e+01,5.38e-01,
519,0.00e+00,5.00e+01,5.38e-01,
520,-2.00e-01,5.20e+01,5.34e-01,
521,-2.00e-01,5.20e+01,5.34e-01,
522,0.00e+00,5.20e+01,5.44e-01,
523,0.00e+00,5.20e+01,5.44e-01,
524,0.00e+00,5.00e+01,5.38e-01,
525,0.00e+00,5.00e+01,5.38e-01,
526,0.00e+00,5.00e+01,5.50e-01,
527,0.00e+00,5.00e+01,5.50e-01,
528,0.00e+00,5.20e+01,5.58e-01,
529,0.00e+00,5.20e+01,5.58e-01,
530,-2.00e-01,5.20e+01,5.64e-01,
531,-2.00e-01,5.20e+01,5.64e-01,
532,0.00e+00,5.00e+01,5.64e-01,
533,0.00e+00,5.00e+01,5.64e-01,
534,0.00e+00,5.00e+01,5.70e-01,
535,0.00e+00,5.00e+01,5.70e-01,
536,-2.00e-01,5.20e+01,5.80e-01,
537,-2.00e-01,5.20e+01,5.80e-01,
538,-2.00e-01,5.00e+01,5.92e-01,
539,-2.00e-01,5.00e+01,5.92e-01,
540,0.00e+00,5.20e+01,5.90e-01,
541,0.00e+00,5.20e+01,5.90e-01,
542,0.00e+00,5.00e+01,5.96e-01,
543,0.00e+00,5.00e+01,5.96e-01,
544,0.00e+00,5.20e+01,6.12e-01,
545,0.00e+00,5.20e+01,6.12e-01,
546,0.00e+00,5.00e+01,6.18e-01,
547,0.00e+00,5.00e+01,6.18e-01,
548,0.00e+00,5.20e+01,6.22e-01,
549,0.00e+00,5.20e+01,6.22e-01,
550,0.00e+00,5.00e+01,6.16e-01,
551,0.00e+00,5.00e+01,6.16e-01,
552,2.00e-01,5.00e+01,6.26e-01,
553,2.00e-01,5.00e+01,6.26e-01,
554,-2.00e-01,5.20e+01,6.30e-01,
555,-2.00e-01,5.20e+01,6.30e-01,
556,0.00e+00,5.20e+01,6.56e-01,
557,0.00e+00,5.20e+01,6.56e-01,
558,0.00e+00,5.20e+01,6.54e-01,
559,0.00e+00,5.20e+01,6.54e-01,
560,0.00e+00,5.20e+01,6.66e-01,
561,0.00e+00,5.20e+01,6.66e-01,
562,0.00e+00,5.20e+01,6.64e-01,
563,0.00e+00,5.20e+01,6.64e-01,
564,0.00e+00,5.20e+01,6.72e-01,
565,0.00e+00,5.20e+01,6.72e-01,
566,0.00e+00,5.20e+01,6.82e-01,
567,0.00e+00,5.20e+01,6.82e-01,
568,-2.00e-01,5.00e+01,6.80e-01,
569,-2.00e-01,5.00e+01,6.80e-01,
570,-2.00e-01,5.20e+01,6.96e-01,
571,-2.00e-01,5.20e+01,6.96e-01,
572,0.00e+00,5.20e+01,7.06e-01,
573,0.00e+00,5.20e+01,7.06e-01,
574,0.00e+00,5.00e+01,7.04e-01,
575,0.00e+00,5.00e+01,7.04e-01,
576,-2.00e-01,5.00e+01,7.16e-01,
577,-2.00e-01,5.00e+01,7.16e-01,
578,0.00e+00,5.00e+01,7.16e-01,
579,0.00e+00,5.00e+01,7.16e-01,
580,0.00e+00,5.20e+01,7.34e-01,
581,0.00e+00,5.20e+01,7.34e-01,
582,-2.00e-01,5.20e+01,7.18e-01,
583,-2.00e-01,5.20e+01,7.18e-01,
584,0.00e+00,5.00e+01,7.34e-01,
585,0.00e+00,5.00e+01,7.34e-01,
586,-2.00e-01,5.20e+01,7.56e-01,
587,-2.00e-01,5.20e+01,7.56e-01,
588,0.00e+00,5.00e+01,7.54e-01,
589,0.00e+00,5.00e+01,7.54e-01,
590,0.00e+00,5.20e+01,7.56e-01,
591,0.00e+00,5.20e+01,7.56e-01,
592,0.00e+00,5.20e+01,7.54e-01,
593,0.00e+00,5.20e+01,7.54e-01,
594,0.00e+00,5.20e+01,7.64e-01,
595,0.00e+00,5.20e+01,7.64e-01,
596,0.00e+00,5.20e+01,7.54e-01,
597,0.00e+00,5.20e+01,7.54e-01,
598,0.00e+00,4.20e+01,5.50e-01,
599,0.00e+00,4.20e+01,5.50e-01,
600,0.00e+00,4.00e+00,5.24e-01,
601,0.00e+00,4.00e+00,5.24e-01,
602,0.00e+00,4.00e+00,6.36e-01,
603,0.00e+00,4.00e+00,6.36e-01,
604,0.00e+00,4.00e+00,6.34e-01,
605,0.00e+00,4.00e+00,6.34e-01,
606,-2.00e-01,4.00e+00,6.26e-01,
607,-2.00e-01,4.00e+00,6.26e-01,
608,0.00e+00,4.00e+00,6.28e-01,
609,0.00e+00,4.00e+00,6.28e-01,
610,0.00e+00,4.00e+00,6.22e-01,
611,0.00e+00,4.00e+00,6.22e-01,
612,-2.00e-01,4.00e+00,6.16e-01,
613,-2.00e-01,4.00e+00,6.16e-01,
614,0.00e+00,4.00e+00,6.20e-01,
615,0.00e+00,4.00e+00,6.20e-01,
616,0.00e+00,4.00e+00,6.10e-01,
617,0.00e+00,4.00e+00,6.10e-01,
618,-2.00e-01,4.00e+00,6.06e-01,
619,-2.00e-01,4.00e+00,6.06e-01,
620,0.00e+00,4.00e+00,6.06e-01,
621,0.00e+00,4.00e+00,6.06e-01,
622,0.00e+00,4.00e+00,5.94e-01,
623,0.00e+00,4.00e+00,5.94e-01,
624,0.00e+00,4.00e+00,5.98e-01,
625,0.00e+00,4.00e+00,5.98e-01,
626,-2.00e-01,4.00e+00,5.82e-01,
627,-2.00e-01,4.00e+00,5.82e-01,
628,0.00e+00,4.00e+00,5.94e-01,
629,0.00e+00,4.00e+00,5.94e-01,
630,0.00e+00,4.00e+00,5.78e-01,
631,0.00e+00,4.00e+00,5.78e-01,
632,0.00e+00,4.00e+00,5.78e-01,
633,0.00e+00,4.00e+00,5.78e-01,
634,0.00e+00,4.00e+00,5.82e-01,
635,0.00e+00,4.00e+00,5.82e-01,
636,0.00e+00,4.00e+00,5.78e-01,
637,0.00e+00,4.00e+00,5.78e-01,
638,0.00e+00,4.00e+00,5.74e-01,
639,0.00e+00,4.00e+00,5.74e-01,
640,0.00e+00,4.00e+00,5.68e-01,
641,0.00e+00,4.00e+00,5.68e-01,
642,0.00e+00,4.00e+00,5.62e-01,
643,0.00e+00,4.00e+00,5.62e-01,
644,-2.00e-01,4.00e+00,5.62e-01,
645,-2.00e-01,4.00e+00,5.62e-01,
646,0.00e+00,4.00e+00,5.56e-01,
647,0.00e+00,4.00e+00,5.56e-01,
648,0.00e+00,4.00e+00,5.60e-01,
649,0.00e+00,4.00e+00,5.60e-01,
650,0.00e+00,4.00e+00,5.44e-01,
651,0.00e+00,4.00e+00,5.44e-01,
652,0.00e+00,4.00e+00,5.36e-01,
653,0.00e+00,4.00e+00,5.36e-01,
654,0.00e+00,4.00e+00,5.48e-01,
655,0.00e+00,4.00e+00,5.48e-01,
656,0.00e+00,4.00e+00,5.28e-01,
657,0.00e+00,4.00e+00,5.28e-01,
658,-2.00e-01,4.00e+00,5.30e-01,
659,-2.00e-01,4.00e+00,5.30e-01,
660,0.00e+00,4.00e+00,5.22e-01,
661,0.00e+00,4.00e+00,5.22e-01,
662,0.00e+00,4.00e+00,5.34e-01,
663,0.00e+00,4.00e+00,5.34e-01,
664,0.00e+00,4.00e+00,5.28e-01,
665,0.00e+00,4.00e+00,5.28e-01,
666,0.00e+00,4.00e+00,5.22e-01,
667,0.00e+00,4.00e+00,5.22e-01,
668,0.00e+00,4.00e+00,5.22e-01,
669,0.00e+00,4.00e+00,5.22e-01,
670,0.00e+00,4.00e+00,5.24e-01,
671,0.00e+00,4.00e+00,5.24e-01,
672,0.00e+00,4.00e+00,5.20e-01,
673,0.00e+00,4.00e+00,5.20e-01,
674,0.00e+00,4.00e+00,5.06e-01,
675,0.00e+00,4.00e+00,5.06e-01,
676,0.00e+00,4.00e+00,5.08e-01,
677,0.00e+00,4.00e+00,5.08e-01,
678,0.00e+00,4.00e+00,4.84e-01,
679,0.00e+00,4.00e+00,4.84e-01,
680,-2.00e-01,4.00e+00,5.02e-01,
681,-2.00e-01,4.00e+00,5.02e-01,
682,0.00e+00,4.00e+00,5.02e-01,
683,0.00e+00,4.00e+00,5.02e-01,
684,0.00e+00,4.00e+00,5.04e-01,
685,0.00e+00,4.00e+00,5.04e-01,
686,-2.00e-01,4.00e+00,4.98e-01,
687,-2.00e-01,4.00e+00,4.98e-01,
688,0.00e+00,4.00e+00,4.80e-01,
689,0.00e+00,4.00e+00,4.80e-01,
690,0.00e+00,4.00e+00,4.88e-01,
691,0.00e+00,4.00e+00,4.88e-01,
692,0.00e+00,4.00e+00,4.92e-01,
693,0.00e+00,4.00e+00,4.92e-01,
694,-2.00e-01,4.00e+00,4.84e-01,
695,-2.00e-01,4.00e+00,4.84e-01,
696,0.00e+00,6.00e+00,4.84e-01,
697,0.00e+00,6.00e+00,4.84e-01,
698,2.00e-01,6.00e+00,4.88e-01,
699,2.00e-01,6.00e+00,4.88e-01,
700,0.00e+00,6.00e+00,4.70e-01,
701,0.00e+00,6.00e+00,4.70e-01,
702,0.00e+00,6.00e+00,4.84e-01,
703,0.00e+00,6.00e+00,4.84e-01,
704,0.00e+00,4.00e+00,4.80e-01,
705,0.00e+00,4.00e+00,4.80e-01,
706,0.00e+00,4.00e+00,4.74e-01,
707,0.00e+00,4.00e+00,4.74e-01,
708,0.00e+00,4.00e+00,4.76e-01,
709,0.00e+00,4.00e+00,4.76e-01,
710,2.00e-01,4.00e+00,4.70e-01,
711,2.00e-01,4.00e+00,4.70e-01,
712,0.00e+00,4.00e+00,4.78e-01,
713,0.00e+00,4.00e+00,4.78e-01,
714,0.00e+00,4.00e+00,4.80e-01,
715,0.00e+00,4.00e+00,4.80e-01,
716,-2.00e-01,4.00e+00,4.74e-01,
717,-2.00e-01,4.00e+00,4.74e-01,
718,0.00e+00,4.00e+00,4.78e-01,
719,0.00e+00,4.00e+00,4.78e-01,
720,0.00e+00,4.00e+00,4.76e-01,
721,0.00e+00,4.00e+00,4.76e-01,
722,0.00e+00,4.00e+00,4.62e-01,
723,0.00e+00,4.00e+00,4.62e-01,
724,-2.00e-01,4.00e+00,4.80e-01,
725,-2.00e-01,4.00e+00,4.80e-01,
726,-2.00e-01,4.00e+00,4.68e-01,
727,-2.00e-01,4.00e+00,4.68e-01,
728,-2.00e-01,4.00e+00,4.90e-01,
729,-2.00e-01,4.00e+00,4.90e-01,
730,0.00e+00,4.00e+00,4.74e-01,
731,0.00e+00,4.00e+00,4.74e-01,
732,0.00e+00,4.00e+00,4.68e-01,
733,0.00e+00,4.00e+00,4.68e-01,
734,0.00e+00,4.00e+00,4.72e-01,
735,0.00e+00,4.00e+00,4.72e-01,
736,0.00e+00,4.00e+00,4.70e-01,
737,0.00e+00,4.00e+00,4.70e-01,
738,0.00e+00,4.00e+00,4.68e-01,
739,0.00e+00,4.00e+00,4.68e-01,
740,0.00e+00,4.00e+00,4.74e-01,
741,0.00e+00,4.00e+00,4.74e-01,
742,0.00e+00,6.00e+00,4.82e-01,
743,0.00e+00,6.00e+00,4.82e-01,
744,0.00e+00,5.20e+01,4.74e-01,
745,0.00e+00,5.20e+01,4.74e-01,
746,-2.00e-01,5.00e+01,4.82e-01,
747,-2.00e-01,5.00e+01,4.82e-01,
748,0.00e+00,5.00e+01,4.76e-01,
749,0.00e+00,5.00e+01,4.76e-01,
750,0.00e+00,5.20e+01,4.72e-01,
751,0.00e+00,5.20e+01,4.72e-01,
752,0.00e+00,5.00e+01,4.76e-01,
753,0.00e+00,5.00e+01,4.76e-01,
754,0.00e+00,5.20e+01,4.84e-01,
755,0.00e+00,5.20e+01,4.84e-01,
756,0.00e+00,5.00e+01,4.76e-01,
757,0.00e+00,5.00e+01,4.76e-01,
758,-2.00e-01,5.20e+01,4.82e-01,
759,-2.00e-01,5.20e+01,4.82e-01,
760,0.00e+00,5.20e+01,4.90e-01,
761,0.00e+00,5.20e+01,4.90e-01,
762,-2.00e-01,5.20e+01,4.80e-01,
763,-2.00e-01,5.20e+01,4.80e-01,
764,0.00e+00,5.20e+01,4.88e-01,
765,0.00e+00,5.20e+01,4.88e-01,
766,0.00e+00,5.20e+01,4.96e-01,
767,0.00e+00,5.20e+01,4.96e-01,
768,0.00e+00,5.20e+01,4.96e-01,
769,0.00e+00,5.20e+01,4.96e-01,
770,0.00e+00,5.20e+01,4.96e-01,
771,0.00e+00,5.20e+01,4.96e-01,
772,0.00e+00,5.20e+01,4.94e-01,
773,0.00e+00,5.20e+01,4.94e-01,
774,0.00e+00,5.20e+01,5.10e-01,
775,0.00e+00,5.20e+01,5.10e-01,
776,0.00e+00,5.20e+01,5.04e-01,
777,0.00e+00,5.20e+01,5.04e-01,
778,-2.00e-01,5.00e+01,5.10e-01,
779,-2.00e-01,5.00e+01,5.10e-01,
780,0.00e+00,5.20e+01,5.12e-01,
781,0.00e+00,5.20e+01,5.12e-01,
782,0.00e+00,5.00e+01,5.28e-01,
783,0.00e+00,5.00e+01,5.28e-01,
784,-2.00e-01,5.00e+01,5.12e-01,
785,-2.00e-01,5.00e+01,5.12e-01,
786,-2.00e-01,5.20e+01,5.26e-01,
787,-2.00e-01,5.20e+01,5.26e-01,
788,0.00e+00,5.20e+01,5.46e-01,
789,0.00e+00,5.20e+01,5.46e-01,
790,0.00e+00,5.00e+01,5.24e-01,
791,0.00e+00,5.00e+01,5.24e-01,
792,-2.00e-01,5.20e+01,5.40e-01,
793,-2.00e-01,5.20e+01,5.40e-01,
794,0.00e+00,5.20e+01,5.34e-01,
795,0.00e+00,5.20e+01,5.34e-01,
796,0.00e+00,5.20e+01,5.42e-01,
797,0.00e+00,5.20e+01,5.42e-01,
798,0.00e+00,5.20e+01,5.46e-01,
799,0.00e+00,5.20e+01,5.46e-01,
800,0.00e+00,5.00e+01,5.48e-01,
801,0.00e+00,5.00e+01,5.48e-01,
802,0.00e+00,5.20e+01,5.72e-01,
803,0.00e+00,5.20e+01,5.72e-01,
804,-2.00e-01,5.00e+01,5.68e-01,
805,-2.00e-01,5.00e+01,5.68e-01,
806,-2.00e-01,5.00e+01,5.76e-01,
807,-2.00e-01,5.00e+01,5.76e-01,
808,0.00e+00,5.00e+01,5.92e-01,
809,0.00e+00,5.00e+01,5.92e-01,
810,0.00e+00,5.20e+01,5.78e-01,
811,0.00e+00,5.20e+01,5.78e-01,
812,0.00e+00,5.20e+01,5.96e-01,
813,0.00e+00,5.20e+01,5.96e-01,
814,0.00e+00,5.20e+01,6.00e-01,
815,0.00e+00,5.20e+01,6.00e-01,
816,0.00e+00,5.20e+01,6.06e-01,
817,0.00e+00,5.20e+01,6.06e-01,
818,0.00e+00,5.00e+01,6.16e-01,
819,0.00e+00,5.00e+01,6.16e-01,
820,0.00e+00,5.00e+01,6.30e-01,
821,0.00e+00,5.00e+01,6.30e-01,
822,0.00e+00,5.20e+01,6.36e-01,
823,0.00e+00,5.20e+01,6.36e-01,
824,0.00e+00,5.20e+01,6.34e-01,
825,0.00e+00,5.20e+01,6.34e-01,
826,0.00e+00,5.20e+01,6.46e-01,
827,0.00e+00,5.20e+01,6.46e-01,
828,0.00e+00,5.20e+01,6.54e-01,
829,0.00e+00,5.20e+01,6.54e-01,
830,0.00e+00,5.20e+01,6.48e-01,
831,0.00e+00,5.20e+01,6.48e-01,
832,0.00e+00,5.20e+01,6.70e-01,
833,0.00e+00,5.20e+01,6.70e-01,
834,0.00e+00,5.20e+01,6.70e-01,
835,0.00e+00,5.20e+01,6.70e-01,
836,0.00e+00,5.20e+01,6.76e-01,
837,0.00e+00,5.20e+01,6.76e-01,
838,0.00e+00,5.20e+01,6.80e-01,
839,0.00e+00,5.20e+01,6.80e-01,
840,0.00e+00,5.20e+01,6.80e-01,
841,0.00e+00,5.20e+01,6.80e-01,
842,0.00e+00,5.20e+01,6.96e-01,
843,0.00e+00,5.20e+01,6.96e-01,
844,-2.00e-01,5.00e+01,6.92e-01,
845,-2.00e-01,5.00e+01,6.92e-01,
846,0.00e+00,5.00e+01,7.14e-01,
847,0.00e+00,5.00e+01,7.14e-01,
848,0.00e+00,5.00e+01,7.16e-01,
849,0.00e+00,5.00e+01,7.16e-01,
850,-2.00e-01,5.00e+01,7.28e-01,
851,-2.00e-01,5.00e+01,7.28e-01,
852,0.00e+00,5.00e+01,7.32e-01,
853,0.00e+00,5.00e+01,7.32e-01,
854,-2.00e-01,5.00e+01,7.36e-01,
855,-2.00e-01,5.00e+01,7.36e-01,
856,0.00e+00,5.20e+01,7.42e-01,
857,0.00e+00,5.20e+01,7.42e-01,
858,0.00e+00,5.20e+01,7.42e-01,
859,0.00e+00,5.20e+01,7.42e-01,
860,0.00e+00,5.20e+01,7.46e-01,
861,0.00e+00,5.20e+01,7.46e-01,
862,0.00e+00,5.20e+01,7.66e-01,
863,0.00e+00,5.20e+01,7.66e-01,
864,0.00e+00,5.00e+01,7.58e-01,
865,0.00e+00,5.00e+01,7.58e-01,
866,0.00e+00,5.00e+01,7.66e-01,
867,0.00e+00,5.00e+01,7.66e-01,
868,0.00e+00,4.80e+01,7.30e-01,
869,0.00e+00,4.80e+01,7.30e-01,
870,0.00e+00,4.00e+00,4.74e-01,
871,0.00e+00,4.00e+00,4.74e-01,
872,0.00e+00,4.00e+00,5.98e-01,
873,0.00e+00,4.00e+00,5.98e-01,
874,0.00e+00,4.00e+00,6.30e-01,
875,0.00e+00,4.00e+00,6.30e-01,
876,0.00e+00,4.00e+00,6.32e-01,
877,0.00e+00,4.00e+00,6.32e-01,
878,0.00e+00,6.00e+00,6.24e-01,
879,0.00e+00,6.00e+00,6.24e-01,
880,0.00e+00,6.00e+00,6.40e-01,
881,0.00e+00,6.00e+00,6.40e-01,
882,0.00e+00,4.00e+00,6.06e-01,
883,0.00e+00,4.00e+00,6.06e-01,
884,0.00e+00,4.00e+00,6.08e-01,
885,0.00e+00,4.00e+00,6.08e-01,
886,0.00e+00,4.00e+00,6.26e-01,
887,0.00e+00,4.00e+00,6.26e-01,
888,0.00e+00,4.00e+00,6.20e-01,
889,0.00e+00,4.00e+00,6.20e-01,
890,0.00e+00,4.00e+00,5.92e-01,
891,0.00e+00,4.00e+00,5.92e-01,
892,0.00e+00,4.00e+00,6.08e-01,
893,0.00e+00,4.00e+00,6.08e-01,
894,0.00e+00,4.00e+00,5.94e-01,
895,0.00e+00,4.00e+00,5.94e-01,
896,-2.00e-01,4.00e+00,5.98e-01,
897,-2.00e-01,4.00e+00,5.98e-01,
898,0.00e+00,4.00e+00,5.88e-01,
899,0.00e+00,4.00e+00,5.88e-01,
900,0.00e+00,4.00e+00,5.80e-01,
901,0.00e+00,4.00e+00,5.80e-01,
902,0.00e+00,4.00e+00,5.80e-01,
903,0.00e+00,4.00e+00,5.80e-01,
904,0.00e+00,4.00e+00,5.82e-01,
905,0.00e+00,4.00e+00,5.82e-01,
906,0.00e+00,4.00e+00,5.82e-01,
907,0.00e+00,4.00e+00,5.82e-01,
908,0.00e+00,4.00e+00,5.68e-01,
909,0.00e+00,4.00e+00,5.68e-01,
910,0.00e+00,6.00e+00,5.58e-01,
911,0.00e+00,6.00e+00,5.58e-01,
912,0.00e+00,4.00e+00,5.70e-01,
913,0.00e+00,4.00e+00,5.70e-01,
914,-2.00e-01,4.00e+00,5.58e-01,
915,-2.00e-01,4.00e+00,5.58e-01,
916,0.00e+00,4.00e+00,5.54e-01,
917,0.00e+00,4.00e+00,5.54e-01,
918,0.00e+00,4.00e+00,5.62e-01,
919,0.00e+00,4.00e+00,5.62e-01,
920,0.00e+00,4.00e+00,5.48e-01,
921,0.00e+00,4.00e+00,5.48e-01,
922,0.00e+00,4.00e+00,5.50e-01,
923,0.00e+00,4.00e+00,5.50e-01,
924,0.00e+00,4.00e+00,5.40e-01,
925,0.00e+00,4.00e+00,5.40e-01,
926,0.00e+00,4.00e+00,5.42e-01,
927,0.00e+00,4.00e+00,5.42e-01,
928,0.00e+00,4.00e+00,5.52e-01,
929,0.00e+00,4.00e+00,5.52e-01,
930,0.00e+00,4.00e+00,5.38e-01,
931,0.00e+00,4.00e+00,5.38e-01,
932,-2.00e-01,4.00e+00,5.18e-01,
933,-2.00e-01,4.00e+00,5.18e-01,
934,0.00e+00,6.00e+00,5.40e-01,
935,0.00e+00,6.00e+00,5.40e-01,
936,-2.00e-01,4.00e+00,5.08e-01,
937,-2.00e-01,4.00e+00,5.08e-01,
938,0.00e+00,4.00e+00,5.20e-01,
939,0.00e+00,4.00e+00,5.20e-01,
940,0.00e+00,4.00e+00,5.16e-01,
941,0.00e+00,4.00e+00,5.16e-01,
942,0.00e+00,4.00e+00,5.14e-01,
943,0.00e+00,4.00e+00,5.14e-01,
944,0.00e+00,4.00e+00,5.08e-01,
945,0.00e+00,4.00e+00,5.08e-01,
946,-2.00e-01,4.00e+00,5.12e-01,
947,-2.00e-01,4.00e+00,5.12e-01,
948,0.00e+00,4.00e+00,5.00e-01,
949,0.00e+00,4.00e+00,5.00e-01,
950,0.00e+00,4.00e+00,4.96e-01,
951,0.00e+00,4.00e+00,4.96e-01,
952,-2.00e-01,4.00e+00,5.00e-01,
953,-2.00e-01,4.00e+00,5.00e-01,
954,0.00e+00,4.00e+00,4.98e-01,
955,0.00e+00,4.00e+00,4.98e-01,
956,0.00e+00,4.00e+00,4.90e-01,
957,0.00e+00,4.00e+00,4.90e-01,
958,0.00e+00,4.00e+00,4.90e-01,
959,0.00e+00,4.00e+00,4.90e-01,
960,0.00e+00,4.00e+00,4.92e-01,
961,0.00e+00,4.00e+00,4.92e-01,
962,0.00e+00,4.00e+00,4.90e-01,
963,0.00e+00,4.00e+00,4.90e-01,
964,0.00e+00,4.00e+00,4.88e-01,
965,0.00e+00,4.00e+00,4.88e-01,
966,0.00e+00,4.00e+00,4.68e-01,
967,0.00e+00,4.00e+00,4.68e-01,
968,0.00e+00,4.00e+00,4.90e-01,
969,0.00e+00,4.00e+00,4.90e-01,
970,-2.00e-01,4.00e+00,4.86e-01,
971,-2.00e-01,4.00e+00,4.86e-01,
972,0.00e+00,4.00e+00,4.78e-01,
973,0.00e+00,4.00e+00,4.78e-01,
974,-2.00e-01,4.00e+00,4.76e-01,
975,-2.00e-01,4.00e+00,4.76e-01,
976,0.00e+00,4.00e+00,4.80e-01,
977,0.00e+00,4.00e+00,4.80e-01,
978,0.00e+00,4.00e+00,4.76e-01,
979,0.00e+00,4.00e+00,4.76e-01,
980,-2.00e-01,4.00e+00,4.72e-01,
981,-2.00e-01,4.00e+00,4.72e-01,
982,0.00e+00,4.00e+00,4.72e-01,
983,0.00e+00,4.00e+00,4.72e-01,
984,0.00e+00,4.00e+00,4.82e-01,
985,0.00e+00,4.00e+00,4.82e-01,
986,-2.00e-01,4.00e+00,4.62e-01,
987,-2.00e-01,4.00e+00,4.62e-01,
988,0.00e+00,4.00e+00,4.68e-01,
989,0.00e+00,4.00e+00,4.68e-01,
990,-2.00e-01,4.00e+00,4.78e-01,
991,-2.00e-01,4.00e+00,4.78e-01,
992,0.00e+00,4.00e+00,4.78e-01,
993,0.00e+00,4.00e+00,4.78e-01,
994,0.00e+00,4.00e+00,4.64e-01,
995,0.00e+00,4.00e+00,4.64e-01,
996,0.00e+00,4.00e+00,4.76e-01,
997,0.00e+00,4.00e+00,4.76e-01,
998,0.00e+00,4.00e+00,4.80e-01,
999,0.00e+00,4.00e+00,4.80e-01,
1000,-2.00e-01,4.00e+00,4.66e-01,
1001,-2.00e-01,4.00e+00,4.66e-01,
1002,-2.00e-01,4.00e+00,4.64e-01,
1003,-2.00e-01,4.00e+00,4.64e-01,
1004,0.00e+00,4.00e+00,4.76e-01,
1005,0.00e+00,4.00e+00,4.76e-01,
1006,0.00e+00,4.00e+00,4.66e-01,
1007,0.00e+00,4.00e+00,4.66e-01,
1008,0.00e+00,4.00e+00,4.82e-01,
1009,0.00e+00,4.00e+00,4.82e-01,
1010,0.00e+00,4.00e+00,4.80e-01,
1011,0.00e+00,4.00e+00,4.80e-01,
1012,0.00e+00,4.00e+00,4.72e-01,
1013,0.00e+00,4.00e+00,4.72e-01,
1014,0.00e+00,1.20e+01,4.68e-01,
1015,0.00e+00,1.20e+01,4.68e-01,
1016,0.00e+00,5.00e+01,4.70e-01,
1017,0.00e+00,5.00e+01,4.70e-01,
1018,0.00e+00,5.00e+01,4.82e-01,
1019,0.00e+00,5.00e+01,4.82e-01,
1020,0.00e+00,5.00e+01,4.72e-01,
1021,0.00e+00,5.00e+01,4.72e-01,
1022,0.00e+00,5.20e+01,4.72e-01,
1023,0.00e+00,5.20e+01,4.72e-01,
1024,0.00e+00,5.00e+01,4.86e-01,
1025,0.00e+00,5.00e+01,4.86e-01,
1026,0.00e+00,5.00e+01,4.78e-01,
1027,0.00e+00,5.00e+01,4.78e-01,
1028,0.00e+00,5.00e+01,4.84e-01,
1029,0.00e+00,5.00e+01,4.84e-01,
1030,0.00e+00,5.00e+01,4.86e-01,
1031,0.00e+00,5.00e+01,4.86e-01,
1032,-2.00e-01,5.00e+01,4.90e-01,
1033,-2.00e-01,5.00e+01,4.90e-01,
1034,0.00e+00,5.20e+01,4.86e-01,
1035,0.00e+00,5.20e+01,4.86e-01,
1036,0.00e+00,5.20e+01,4.84e-01,
1037,0.00e+00,5.20e+01,4.84e-01,
1038,-2.00e-01,5.00e+01,4.88e-01,
1039,-2.00e-01,5.00e+01,4.88e-01,
1040,0.00e+00,5.00e+01,4.82e-01,
1041,0.00e+00,5.00e+01,4.82e-01,
1042,0.00e+00,5.20e+01,5.00e-01,
1043,0.00e+00,5.20e+01,5.00e-01,
1044,0.00e+00,5.00e+01,5.06e-01,
1045,0.00e+00,5.00e+01,5.06e-01,
1046,0.00e+00,5.00e+01,4.96e-01,
1047,0.00e+00,5.00e+01,4.96e-01,
1048,-2.00e-01,5.20e+01,5.18e-01,
1049,-2.00e-01,5.20e+01,5.18e-01,
1050,0.00e+00,5.20e+01,5.02e-01,
1051,0.00e+00,5.20e+01,5.02e-01,
1052,0.00e+00,5.00e+01,5.10e-01,
1053,0.00e+00,5.00e+01,5.10e-01,
1054,0.00e+00,5.20e+01,5.22e-01,
1055,0.00e+00,5.20e+01,5.22e-01,
1056,0.00e+00,5.00e+01,5.20e-01,
1057,0.00e+00,5.00e+01,5.20e-01,
1058,0.00e+00,5.00e+01,5.20e-01,
1059,0.00e+00,5.00e+01,5.20e-01,
1060,0.00e+00,5.00e+01,5.32e-01,
1061,0.00e+00,5.00e+01,5.32e-01,
1062,0.00e+00,5.00e+01,5.36e-01,
1063,0.00e+00,5.00e+01,5.36e-01,
1064,0.00e+00,5.20e+01,5.42e-01,
1065,0.00e+00,5.20e+01,5.42e-01,
1066,-2.00e-01,5.00e+01,5.32e-01,
1067,-2.00e-01,5.00e+01,5.32e-01,
1068,-2.00e-01,5.00e+01,5.40e-01,
1069,-2.00e-01,5.00e+01,5.40e-01,
1070,0.00e+00,5.20e+01,5.70e-01,
1071,0.00e+00,5.20e+01,5.70e-01,
1072,0.00e+00,5.00e+01,5.58e-01,
1073,0.00e+00,5.00e+01,5.58e-01,
1074,0.00e+00,5.20e+01,5.64e-01,
1075,0.00e+00,5.20e+01,5.64e-01,
1076,2.00e-01,5.00e+01,5.68e-01,
1077,2.00e-01,5.00e+01,5.68e-01,
1078,0.00e+00,5.20e+01,5.70e-01,
1079,0.00e+00,5.20e+01,5.70e-01,
1080,0.00e+00,5.00e+01,5.82e-01,
1081,0.00e+00,5.00e+01,5.82e-01,
1082,0.00e+00,5.00e+01,5.92e-01,
1083,0.00e+00,5.00e+01,5.92e-01,
1084,0.00e+00,5.00e+01,5.92e-01,
1085,0.00e+00,5.00e+01,5.92e-01,
1086,0.00e+00,5.00e+01,6.02e-01,
1087,0.00e+00,5.00e+01,6.02e-01,
1088,0.00e+00,5.20e+01,6.04e-01,
1089,0.00e+00,5.20e+01,6.04e-01,
1090,0.00e+00,5.20e+01,6.18e-01,
1091,0.00e+00,5.20e+01,6.18e-01,
1092,-2.00e-01,5.20e+01,6.34e-01,
1093,-2.00e-01,5.20e+01,6.34e-01,
1094,0.00e+00,5.20e+01,6.28e-01,
1095,0.00e+00,5.20e+01,6.28e-01,
1096,0.00e+00,5.20e+01,6.28e-01,
1097,0.00e+00,5.20e+01,6.28e-01,
1098,0.00e+00,5.20e+01,6.38e-01,
1099,0.00e+00,5.20e+01,6.38e-01,
1100,0.00e+00,5.00e+01,6.46e-01,
1101,0.00e+00,5.00e+01,6.46e-01,
1102,0.00e+00,5.20e+01,6.66e-01,
1103,0.00e+00,5.20e+01,6.66e-01,
1104,0.00e+00,5.20e+01,6.70e-01,
1105,0.00e+00,5.20e+01,6.70e-01,
1106,0.00e+00,5.20e+01,6.60e-01,
1107,0.00e+00,5.20e+01,6.60e-01,
1108,0.00e+00,5.20e+01,6.94e-01,
1109,0.00e+00,5.20e+01,6.94e-01,
1110,0.00e+00,5.20e+01,6.88e-01,
1111,0.00e+00,5.20e+01,6.88e-01,
1112,0.00e+00,5.00e+01,6.94e-01,
1113,0.00e+00,5.00e+01,6.94e-01,
1114,0.00e+00,5.20e+01,6.92e-01,
1115,0.00e+00,5.20e+01,6.92e-01,
1116,2.00e-01,5.20e+01,7.12e-01,
1117,2.00e-01,5.20e+01,7.12e-01,
1118,0.00e+00,5.20e+01,7.00e-01,
1119,0.00e+00,5.20e+01,7.00e-01,
1120,-2.00e-01,5.20e+01,7.16e-01,
1121,-2.00e-01,5.20e+01,7.16e-01,
1122,0.00e+00,5.20e+01,7.18e-01,
1123,0.00e+00,5.20e+01,7.18e-01,
1124,0.00e+00,5.20e+01,7.16e-01,
1125,0.00e+00,5.20e+01,7.16e-01,
1126,0.00e+00,5.20e+01,7.40e-01,
1127,0.00e+00,5.20e+01,7.40e-01,
1128,-2.00e-01,5.20e+01,7.44e-01,
1129,-2.00e-01,5.20e+01,7.44e-01,
1130,-2.00e-01,5.20e+01,7.58e-01,
1131,-2.00e-01,5.20e+01,7.58e-01,
1132,0.00e+00,5.00e+01,7.52e-01,
1133,0.00e+00,5.00e+01,7.52e-01,
1134,0.00e+00,5.00e+01,7.54e-01,
1135,0.00e+00,5.00e+01,7.54e-01,
1136,0.00e+00,5.00e+01,7.48e-01,
1137,0.00e+00,5.00e+01,7.48e-01,
1138,0.00e+00,5.00e+01,7.50e-01,
1139,0.00e+00,5.00e+01,7.50e-01,
1140,0.00e+00,4.00e+01,5.60e-01,
1141,0.00e+00,4.00e+01,5.60e-01,
1142,0.00e+00,4.00e+00,5.20e-01,
1143,0.00e+00,4.00e+00,5.20e-01,
1144,-2.00e-01,4.00e+00,6.24e-01,
1145,-2.00e-01,4.00e+00,6.24e-01,
1146,0.00e+00,4.00e+00,6.30e-01,
1147,0.00e+00,4.00e+00,6.30e-01,
1148,0.00e+00,4.00e+00,6.08e-01,
1149,0.00e+00,4.00e+00,6.08e-01,
1150,0.00e+00,4.00e+00,6.28e-01,
1151,0.00e+00,4.00e+00,6.28e-01,
1152,0.00e+00,4.00e+00,6.18e-01,
1153,0.00e+00,4.00e+00,6.18e-01,
1154,-2.00e-01,4.00e+00,6.12e-01,
1155,-2.00e-01,4.00e+00,6.12e-01,
1156,0.00e+00,4.00e+00,6.10e-01,
1157,0.00e+00,4.00e+00,6.10e-01,
1158,0.00e+00,4.00e+00,6.06e-01,
1159,0.00e+00,4.00e+00,6.06e-01,
1160,-2.00e-01,4.00e+00,6.04e-01,
1161,-2.00e-01,4.00e+00,6.04e-01,
1162,0.00e+00,4.00e+00,6.18e-01,
1163,0.00e+00,4.00e+00,6.18e-01,
1164,0.00e+00,4.00e+00,6.06e-01,
1165,0.00e+00,4.00e+00,6.06e-01,
1166,-2.00e-01,4.00e+00,5.94e-01,
1167,-2.00e-01,4.00e+00,5.94e-01,
1168,0.00e+00,4.00e+00,5.94e-01,
1169,0.00e+00,4.00e+00,5.94e-01,
1170,0.00e+00,4.00e+00,6.00e-01,
1171,0.00e+00,4.00e+00,6.00e-01,
1172,0.00e+00,4.00e+00,5.78e-01,
1173,0.00e+00,4.00e+00,5.78e-01,
1174,0.00e+00,4.00e+00,5.84e-01,
1175,0.00e+00,4.00e+00,5.84e-01,
1176,0.00e+00,4.00e+00,5.84e-01,
1177,0.00e+00,4.00e+00,5.84e-01,
1178,0.00e+00,4.00e+00,5.88e-01,
1179,0.00e+00,4.00e+00,5.88e-01,
1180,0.00e+00,4.00e+00,5.66e-01,
1181,0.00e+00,4.00e+00,5.66e-01,
1182,0.00e+00,4.00e+00,5.70e-01,
1183,0.00e+00,4.00e+00,5.70e-01,
1184,0.00e+00,4.00e+00,5.58e-01,
1185,0.00e+00,4.00e+00,5.58e-01,
1186,0.00e+00,4.00e+00,5.56e-01,
1187,0.00e+00,4.00e+00,5.56e-01,
1188,0.00e+00,4.00e+00,5.66e-01,
1189,0.00e+00,4.00e+00,5.66e-01,
1190,0.00e+00,4.00e+00,5.34e-01,
1191,0.00e+00,4.00e+00,5.34e-01,
1192,0.00e+00,4.00e+00,5.54e-01,
1193,0.00e+00,4.00e+00,5.54e-01,
1194,-2.00e-01,4.00e+00,5.40e-01,
1195,-2.00e-01,4.00e+00,5.40e-01,
1196,0.00e+00,4.00e+00,5.56e-01,
1197,0.00e+00,4.00e+00,5.56e-01,
1198,0.00e+00,4.00e+00,5.32e-01,
1199,0.00e+00,4.00e+00,5.32e-01,
