X,CH1,CH4,Start,Increment,
Sequence,Volt,Volt,-3.000000e-01,5.000000e-04
0,-9.80e+00,2.08e+00,
1,-9.80e+00,2.08e+00,
2,-9.80e+00,2.08e+00,
3,-9.80e+00,2.08e+00,
4,-9.80e+00,2.08e+00,
5,-9.80e+00,2.08e+00,
6,-9.80e+00,2.08e+00,
7,-9.80e+00,2.08e+00,
8,-9.60e+00,2.08e+00,
9,-9.60e+00,2.08e+00,
10,-9.80e+00,2.08e+00,
11,-9.80e+00,2.08e+00,
12,-9.80e+00,2.08e+00,
13,-9.80e+00,2.08e+00,
14,-9.80e+00,2.08e+00,
15,-9.80e+00,2.08e+00,
16,-9.80e+00,2.08e+00,
17,-9.80e+00,2.08e+00,
18,-9.80e+00,2.08e+00,
19,-9.80e+00,2.08e+00,
20,-9.80e+00,2.08e+00,
21,-9.80e+00,2.08e+00,
22,-9.80e+00,2.09e+00,
23,-9.80e+00,2.09e+00,
24,-9.80e+00,2.08e+00,
25,-9.80e+00,2.08e+00,
26,-1.00e+01,2.08e+00,
27,-1.00e+01,2.08e+00,
28,-9.80e+00,2.08e+00,
29,-9.80e+00,2.08e+00,
30,-9.80e+00,2.08e+00,
31,-9.80e+00,2.08e+00,
32,-9.80e+00,2.08e+00,
33,-9.80e+00,2.08e+00,
34,-1.00e+01,2.08e+00,
35,-1.00e+01,2.08e+00,
36,-1.00e+01,2.08e+00,
37,-1.00e+01,2.08e+00,
38,-9.80e+00,2.08e+00,
39,-9.80e+00,2.08e+00,
40,-9.80e+00,2.08e+00,
41,-9.80e+00,2.08e+00,
42,-9.80e+00,2.08e+00,
43,-9.80e+00,2.08e+00,
44,-9.80e+00,2.08e+00,
45,-9.80e+00,2.08e+00,
46,-9.80e+00,2.08e+00,
47,-9.80e+00,2.08e+00,
48,-1.00e+01,2.08e+00,
49,-1.00e+01,2.08e+00,
50,-9.80e+00,2.08e+00,
51,-9.80e+00,2.08e+00,
52,-9.80e+00,2.08e+00,
53,-9.80e+00,2.08e+00,
54,-9.80e+00,2.08e+00,
55,-9.80e+00,2.08e+00,
56,-9.80e+00,2.07e+00,
57,-9.80e+00,2.07e+00,
58,-1.00e+01,2.08e+00,
59,-1.00e+01,2.08e+00,
60,-9.80e+00,2.07e+00,
61,-9.80e+00,2.07e+00,
62,-9.80e+00,2.08e+00,
63,-9.80e+00,2.08e+00,
64,-1.00e+01,2.08e+00,
65,-1.00e+01,2.08e+00,
66,-9.80e+00,2.08e+00,
67,-9.80e+00,2.08e+00,
68,-9.80e+00,2.08e+00,
69,-9.80e+00,2.08e+00,
70,-9.80e+00,2.07e+00,
71,-9.80e+00,2.07e+00,
72,-1.00e+01,2.08e+00,
73,-1.00e+01,2.08e+00,
74,-1.00e+01,2.08e+00,
75,-1.00e+01,2.08e+00,
76,-9.80e+00,2.08e+00,
77,-9.80e+00,2.08e+00,
78,-9.80e+00,2.08e+00,
79,-9.80e+00,2.08e+00,
80,-9.80e+00,2.08e+00,
81,-9.80e+00,2.08e+00,
82,-1.00e+01,2.08e+00,
83,-1.00e+01,2.08e+00,
84,-9.80e+00,2.08e+00,
85,-9.80e+00,2.08e+00,
86,-9.80e+00,2.07e+00,
87,-9.80e+00,2.07e+00,
88,-9.60e+00,2.07e+00,
89,-9.60e+00,2.07e+00,
90,-9.60e+00,2.07e+00,
91,-9.60e+00,2.07e+00,
92,-9.80e+00,2.08e+00,
93,-9.80e+00,2.08e+00,
94,-1.02e+01,2.07e+00,
95,-1.02e+01,2.07e+00,
96,-9.80e+00,2.07e+00,
97,-9.80e+00,2.07e+00,
98,-4.60e+00,2.07e+00,
99,-4.60e+00,2.07e+00,
100,6.80e+00,2.08e+00,
101,6.80e+00,2.08e+00,
102,6.80e+00,2.06e+00,
103,6.80e+00,2.06e+00,
104,6.60e+00,2.07e+00,
105,6.60e+00,2.07e+00,
106,6.80e+00,2.07e+00,
107,6.80e+00,2.07e+00,
108,6.60e+00,2.07e+00,
109,6.60e+00,2.07e+00,
110,6.80e+00,2.08e+00,
111,6.80e+00,2.08e+00,
112,6.80e+00,2.07e+00,
113,6.80e+00,2.07e+00,
114,6.80e+00,2.07e+00,
115,6.80e+00,2.07e+00,
116,6.60e+00,2.06e+00,
117,6.60e+00,2.06e+00,
118,6.60e+00,2.07e+00,
119,6.60e+00,2.07e+00,
120,6.80e+00,2.07e+00,
121,6.80e+00,2.07e+00,
122,6.80e+00,2.07e+00,
123,6.80e+00,2.07e+00,
124,6.80e+00,2.07e+00,
125,6.80e+00,2.07e+00,
126,6.80e+00,2.07e+00,
127,6.80e+00,2.07e+00,
128,6.60e+00,2.07e+00,
129,6.60e+00,2.07e+00,
130,6.60e+00,2.06e+00,
131,6.60e+00,2.06e+00,
132,6.80e+00,2.07e+00,
133,6.80e+00,2.07e+00,
134,6.80e+00,2.07e+00,
135,6.80e+00,2.07e+00,
136,6.60e+00,2.07e+00,
137,6.60e+00,2.07e+00,
138,6.80e+00,2.07e+00,
139,6.80e+00,2.07e+00,
140,6.80e+00,2.07e+00,
141,6.80e+00,2.07e+00,
142,6.80e+00,2.07e+00,
143,6.80e+00,2.07e+00,
144,6.80e+00,2.07e+00,
145,6.80e+00,2.07e+00,
146,6.80e+00,2.06e+00,
147,6.80e+00,2.06e+00,
148,6.60e+00,2.07e+00,
149,6.60e+00,2.07e+00,
150,6.80e+00,2.07e+00,
151,6.80e+00,2.07e+00,
152,6.80e+00,2.06e+00,
153,6.80e+00,2.06e+00,
154,6.80e+00,2.07e+00,
155,6.80e+00,2.07e+00,
156,6.80e+00,2.07e+00,
157,6.80e+00,2.07e+00,
158,6.80e+00,2.07e+00,
159,6.80e+00,2.07e+00,
160,6.80e+00,2.07e+00,
161,6.80e+00,2.07e+00,
162,6.60e+00,2.07e+00,
163,6.60e+00,2.07e+00,
164,6.80e+00,2.07e+00,
165,6.80e+00,2.07e+00,
166,6.60e+00,2.07e+00,
167,6.60e+00,2.07e+00,
168,6.60e+00,2.07e+00,
169,6.60e+00,2.07e+00,
170,6.80e+00,2.07e+00,
171,6.80e+00,2.07e+00,
172,6.60e+00,2.06e+00,
173,6.60e+00,2.06e+00,
174,7.00e+00,2.07e+00,
175,7.00e+00,2.07e+00,
176,6.60e+00,2.07e+00,
177,6.60e+00,2.07e+00,
178,6.60e+00,2.07e+00,
179,6.60e+00,2.07e+00,
180,6.80e+00,2.07e+00,
181,6.80e+00,2.07e+00,
182,6.80e+00,2.07e+00,
183,6.80e+00,2.07e+00,
184,6.80e+00,2.07e+00,
185,6.80e+00,2.07e+00,
186,6.80e+00,2.06e+00,
187,6.80e+00,2.06e+00,
188,6.60e+00,2.07e+00,
189,6.60e+00,2.07e+00,
190,7.00e+00,2.07e+00,
191,7.00e+00,2.07e+00,
192,6.60e+00,2.06e+00,
193,6.60e+00,2.06e+00,
194,6.60e+00,2.07e+00,
195,6.60e+00,2.07e+00,
196,6.60e+00,2.06e+00,
197,6.60e+00,2.06e+00,
198,6.80e+00,2.07e+00,
199,6.80e+00,2.07e+00,
200,6.60e+00,2.06e+00,
201,6.60e+00,2.06e+00,
202,6.80e+00,2.07e+00,
203,6.80e+00,2.07e+00,
204,6.80e+00,2.07e+00,
205,6.80e+00,2.07e+00,
206,6.80e+00,2.06e+00,
207,6.80e+00,2.06e+00,
208,6.60e+00,2.07e+00,
209,6.60e+00,2.07e+00,
210,6.60e+00,2.06e+00,
211,6.60e+00,2.06e+00,
212,6.80e+00,2.06e+00,
213,6.80e+00,2.06e+00,
214,6.80e+00,2.07e+00,
215,6.80e+00,2.07e+00,
216,6.80e+00,2.07e+00,
217,6.80e+00,2.07e+00,
218,6.80e+00,2.07e+00,
219,6.80e+00,2.07e+00,
220,6.80e+00,2.07e+00,
221,6.80e+00,2.07e+00,
222,6.60e+00,2.07e+00,
223,6.60e+00,2.07e+00,
224,6.60e+00,2.06e+00,
225,6.60e+00,2.06e+00,
226,6.60e+00,2.07e+00,
227,6.60e+00,2.07e+00,
228,6.80e+00,2.07e+00,
229,6.80e+00,2.07e+00,
230,6.60e+00,2.07e+00,
231,6.60e+00,2.07e+00,
232,6.80e+00,2.07e+00,
233,6.80e+00,2.07e+00,
234,6.80e+00,2.06e+00,
235,6.80e+00,2.06e+00,
236,6.80e+00,2.07e+00,
237,6.80e+00,2.07e+00,
238,6.60e+00,2.07e+00,
239,6.60e+00,2.07e+00,
240,6.80e+00,2.07e+00,
241,6.80e+00,2.07e+00,
242,6.60e+00,2.06e+00,
243,6.60e+00,2.06e+00,
244,6.80e+00,2.07e+00,
245,6.80e+00,2.07e+00,
246,6.80e+00,2.06e+00,
247,6.80e+00,2.06e+00,
248,6.60e+00,2.07e+00,
249,6.60e+00,2.07e+00,
250,6.80e+00,2.07e+00,
251,6.80e+00,2.07e+00,
252,7.00e+00,2.07e+00,
253,7.00e+00,2.07e+00,
254,6.60e+00,2.06e+00,
255,6.60e+00,2.06e+00,
256,6.60e+00,2.07e+00,
257,6.60e+00,2.07e+00,
258,6.60e+00,2.07e+00,
259,6.60e+00,2.07e+00,
260,6.80e+00,2.06e+00,
261,6.80e+00,2.06e+00,
262,6.60e+00,2.07e+00,
263,6.60e+00,2.07e+00,
264,6.60e+00,2.06e+00,
265,6.60e+00,2.06e+00,
266,6.80e+00,2.07e+00,
267,6.80e+00,2.07e+00,
268,6.60e+00,2.07e+00,
269,6.60e+00,2.07e+00,
270,6.60e+00,2.08e+00,
271,6.60e+00,2.08e+00,
272,6.80e+00,2.07e+00,
273,6.80e+00,2.07e+00,
274,6.80e+00,2.07e+00,
275,6.80e+00,2.07e+00,
276,6.60e+00,2.06e+00,
277,6.60e+00,2.06e+00,
278,6.80e+00,2.07e+00,
279,6.80e+00,2.07e+00,
280,6.80e+00,2.07e+00,
281,6.80e+00,2.07e+00,
282,6.80e+00,2.07e+00,
283,6.80e+00,2.07e+00,
284,6.80e+00,2.07e+00,
285,6.80e+00,2.07e+00,
286,6.60e+00,2.07e+00,
287,6.60e+00,2.07e+00,
288,6.60e+00,2.06e+00,
289,6.60e+00,2.06e+00,
290,6.80e+00,2.07e+00,
291,6.80e+00,2.07e+00,
292,6.60e+00,2.06e+00,
293,6.60e+00,2.06e+00,
294,6.80e+00,2.07e+00,
295,6.80e+00,2.07e+00,
296,6.80e+00,2.07e+00,
297,6.80e+00,2.07e+00,
298,6.60e+00,2.07e+00,
299,6.60e+00,2.07e+00,
300,6.80e+00,2.07e+00,
301,6.80e+00,2.07e+00,
302,6.60e+00,2.06e+00,
303,6.60e+00,2.06e+00,
304,6.80e+00,2.06e+00,
305,6.80e+00,2.06e+00,
306,6.60e+00,2.07e+00,
307,6.60e+00,2.07e+00,
308,6.80e+00,2.07e+00,
309,6.80e+00,2.07e+00,
310,6.40e+00,2.07e+00,
311,6.40e+00,2.07e+00,
312,6.60e+00,2.07e+00,
313,6.60e+00,2.07e+00,
314,6.80e+00,2.06e+00,
315,6.80e+00,2.06e+00,
316,6.80e+00,2.06e+00,
317,6.80e+00,2.06e+00,
318,6.80e+00,2.07e+00,
319,6.80e+00,2.07e+00,
320,6.80e+00,2.06e+00,
321,6.80e+00,2.06e+00,
322,6.80e+00,2.06e+00,
323,6.80e+00,2.06e+00,
324,6.80e+00,2.06e+00,
325,6.80e+00,2.06e+00,
326,6.60e+00,2.07e+00,
327,6.60e+00,2.07e+00,
328,6.80e+00,2.07e+00,
329,6.80e+00,2.07e+00,
330,6.80e+00,2.06e+00,
331,6.80e+00,2.06e+00,
332,6.60e+00,2.07e+00,
333,6.60e+00,2.07e+00,
334,6.60e+00,2.07e+00,
335,6.60e+00,2.07e+00,
336,6.80e+00,2.07e+00,
337,6.80e+00,2.07e+00,
338,6.80e+00,2.06e+00,
339,6.80e+00,2.06e+00,
340,6.60e+00,2.06e+00,
341,6.60e+00,2.06e+00,
342,6.80e+00,2.07e+00,
343,6.80e+00,2.07e+00,
344,6.60e+00,2.06e+00,
345,6.60e+00,2.06e+00,
346,6.80e+00,2.06e+00,
347,6.80e+00,2.06e+00,
348,6.80e+00,2.07e+00,
349,6.80e+00,2.07e+00,
350,6.80e+00,2.07e+00,
351,6.80e+00,2.07e+00,
352,6.60e+00,2.06e+00,
353,6.60e+00,2.06e+00,
354,6.60e+00,2.07e+00,
355,6.60e+00,2.07e+00,
356,6.80e+00,2.07e+00,
357,6.80e+00,2.07e+00,
358,6.60e+00,2.07e+00,
359,6.60e+00,2.07e+00,
360,6.80e+00,2.06e+00,
361,6.80e+00,2.06e+00,
362,6.60e+00,2.07e+00,
363,6.60e+00,2.07e+00,
364,6.80e+00,2.07e+00,
365,6.80e+00,2.07e+00,
366,6.80e+00,2.07e+00,
367,6.80e+00,2.07e+00,
368,6.60e+00,2.07e+00,
369,6.60e+00,2.07e+00,
370,6.60e+00,2.06e+00,
371,6.60e+00,2.06e+00,
372,6.80e+00,2.07e+00,
373,6.80e+00,2.07e+00,
374,6.60e+00,2.07e+00,
375,6.60e+00,2.07e+00,
376,6.60e+00,2.07e+00,
377,6.60e+00,2.07e+00,
378,6.60e+00,2.06e+00,
379,6.60e+00,2.06e+00,
380,6.80e+00,2.06e+00,
381,6.80e+00,2.06e+00,
382,6.60e+00,2.06e+00,
383,6.60e+00,2.06e+00,
384,6.80e+00,2.06e+00,
385,6.80e+00,2.06e+00,
386,6.80e+00,2.06e+00,
387,6.80e+00,2.06e+00,
388,6.80e+00,2.06e+00,
389,6.80e+00,2.06e+00,
390,6.80e+00,2.07e+00,
391,6.80e+00,2.07e+00,
392,6.80e+00,2.06e+00,
393,6.80e+00,2.06e+00,
394,6.80e+00,2.07e+00,
395,6.80e+00,2.07e+00,
396,6.80e+00,2.06e+00,
397,6.80e+00,2.06e+00,
398,6.80e+00,2.06e+00,
399,6.80e+00,2.06e+00,
400,6.80e+00,2.06e+00,
401,6.80e+00,2.06e+00,
402,6.60e+00,2.06e+00,
403,6.60e+00,2.06e+00,
404,6.80e+00,2.07e+00,
405,6.80e+00,2.07e+00,
406,6.80e+00,2.06e+00,
407,6.80e+00,2.06e+00,
408,6.60e+00,2.07e+00,
409,6.60e+00,2.07e+00,
410,6.80e+00,2.07e+00,
411,6.80e+00,2.07e+00,
412,6.80e+00,2.07e+00,
413,6.80e+00,2.07e+00,
414,6.60e+00,2.07e+00,
415,6.60e+00,2.07e+00,
416,6.60e+00,2.07e+00,
417,6.60e+00,2.07e+00,
418,6.40e+00,2.06e+00,
419,6.40e+00,2.06e+00,
420,6.80e+00,2.06e+00,
421,6.80e+00,2.06e+00,
422,6.60e+00,2.07e+00,
423,6.60e+00,2.07e+00,
424,6.80e+00,2.06e+00,
425,6.80e+00,2.06e+00,
426,6.60e+00,2.06e+00,
427,6.60e+00,2.06e+00,
428,6.60e+00,2.06e+00,
429,6.60e+00,2.06e+00,
430,6.60e+00,2.06e+00,
431,6.60e+00,2.06e+00,
432,6.80e+00,2.06e+00,
433,6.80e+00,2.06e+00,
434,6.80e+00,2.07e+00,
435,6.80e+00,2.07e+00,
436,6.80e+00,2.06e+00,
437,6.80e+00,2.06e+00,
438,6.80e+00,2.07e+00,
439,6.80e+00,2.07e+00,
440,6.80e+00,2.06e+00,
441,6.80e+00,2.06e+00,
442,6.80e+00,2.07e+00,
443,6.80e+00,2.07e+00,
444,6.80e+00,2.07e+00,
445,6.80e+00,2.07e+00,
446,6.60e+00,2.07e+00,
447,6.60e+00,2.07e+00,
448,6.80e+00,2.06e+00,
449,6.80e+00,2.06e+00,
450,6.60e+00,2.07e+00,
451,6.60e+00,2.07e+00,
452,6.80e+00,2.06e+00,
453,6.80e+00,2.06e+00,
454,6.60e+00,2.06e+00,
455,6.60e+00,2.06e+00,
456,6.60e+00,2.06e+00,
457,6.60e+00,2.06e+00,
458,6.80e+00,2.06e+00,
459,6.80e+00,2.06e+00,
460,6.80e+00,2.07e+00,
461,6.80e+00,2.07e+00,
462,6.60e+00,2.07e+00,
463,6.60e+00,2.07e+00,
464,6.60e+00,2.06e+00,
465,6.60e+00,2.06e+00,
466,6.60e+00,2.07e+00,
467,6.60e+00,2.07e+00,
468,6.80e+00,2.07e+00,
469,6.80e+00,2.07e+00,
470,6.80e+00,2.06e+00,
471,6.80e+00,2.06e+00,
472,6.80e+00,2.07e+00,
473,6.80e+00,2.07e+00,
474,6.80e+00,2.06e+00,
475,6.80e+00,2.06e+00,
476,6.80e+00,2.06e+00,
477,6.80e+00,2.06e+00,
478,6.80e+00,2.06e+00,
479,6.80e+00,2.06e+00,
480,6.60e+00,2.06e+00,
481,6.60e+00,2.06e+00,
482,6.80e+00,2.06e+00,
483,6.80e+00,2.06e+00,
484,7.00e+00,2.06e+00,
485,7.00e+00,2.06e+00,
486,6.60e+00,2.07e+00,
487,6.60e+00,2.07e+00,
488,6.80e+00,2.06e+00,
489,6.80e+00,2.06e+00,
490,6.60e+00,2.07e+00,
491,6.60e+00,2.07e+00,
492,6.60e+00,2.07e+00,
493,6.60e+00,2.07e+00,
494,6.80e+00,2.06e+00,
495,6.80e+00,2.06e+00,
496,6.80e+00,2.06e+00,
497,6.80e+00,2.06e+00,
498,6.80e+00,2.07e+00,
499,6.80e+00,2.07e+00,
500,6.60e+00,2.06e+00,
501,6.60e+00,2.06e+00,
502,6.40e+00,2.06e+00,
503,6.40e+00,2.06e+00,
504,7.00e+00,2.06e+00,
505,7.00e+00,2.06e+00,
506,6.80e+00,2.06e+00,
507,6.80e+00,2.06e+00,
508,6.60e+00,2.06e+00,
509,6.60e+00,2.06e+00,
510,6.80e+00,2.07e+00,
511,6.80e+00,2.07e+00,
512,6.80e+00,2.06e+00,
513,6.80e+00,2.06e+00,
514,6.80e+00,2.06e+00,
515,6.80e+00,2.06e+00,
516,6.80e+00,2.06e+00,
517,6.80e+00,2.06e+00,
518,6.80e+00,2.07e+00,
519,6.80e+00,2.07e+00,
520,6.60e+00,2.06e+00,
521,6.60e+00,2.06e+00,
522,6.60e+00,2.07e+00,
523,6.60e+00,2.07e+00,
524,6.60e+00,2.06e+00,
525,6.60e+00,2.06e+00,
526,6.60e+00,2.07e+00,
527,6.60e+00,2.07e+00,
528,6.60e+00,2.06e+00,
529,6.60e+00,2.06e+00,
530,6.80e+00,2.07e+00,
531,6.80e+00,2.07e+00,
532,6.80e+00,2.07e+00,
533,6.80e+00,2.07e+00,
534,6.80e+00,2.06e+00,
535,6.80e+00,2.06e+00,
536,6.60e+00,2.07e+00,
537,6.60e+00,2.07e+00,
538,6.60e+00,2.06e+00,
539,6.60e+00,2.06e+00,
540,6.80e+00,2.06e+00,
541,6.80e+00,2.06e+00,
542,6.60e+00,2.06e+00,
543,6.60e+00,2.06e+00,
544,6.80e+00,2.06e+00,
545,6.80e+00,2.06e+00,
546,6.60e+00,2.07e+00,
547,6.60e+00,2.07e+00,
548,6.60e+00,2.07e+00,
549,6.60e+00,2.07e+00,
550,6.80e+00,2.06e+00,
551,6.80e+00,2.06e+00,
552,6.80e+00,2.06e+00,
553,6.80e+00,2.06e+00,
554,6.60e+00,2.06e+00,
555,6.60e+00,2.06e+00,
556,6.80e+00,2.06e+00,
557,6.80e+00,2.06e+00,
558,6.60e+00,2.06e+00,
559,6.60e+00,2.06e+00,
560,6.80e+00,2.06e+00,
561,6.80e+00,2.06e+00,
562,6.80e+00,2.06e+00,
563,6.80e+00,2.06e+00,
564,6.60e+00,2.07e+00,
565,6.60e+00,2.07e+00,
566,6.80e+00,2.07e+00,
567,6.80e+00,2.07e+00,
568,6.60e+00,2.07e+00,
569,6.60e+00,2.07e+00,
570,6.80e+00,2.06e+00,
571,6.80e+00,2.06e+00,
572,6.80e+00,2.06e+00,
573,6.80e+00,2.06e+00,
574,6.60e+00,2.07e+00,
575,6.60e+00,2.07e+00,
576,6.80e+00,2.06e+00,
577,6.80e+00,2.06e+00,
578,6.80e+00,2.06e+00,
579,6.80e+00,2.06e+00,
580,6.60e+00,2.06e+00,
581,6.60e+00,2.06e+00,
582,6.80e+00,2.07e+00,
583,6.80e+00,2.07e+00,
584,6.60e+00,2.06e+00,
585,6.60e+00,2.06e+00,
586,6.60e+00,2.06e+00,
587,6.60e+00,2.06e+00,
588,6.80e+00,2.06e+00,
589,6.80e+00,2.06e+00,
590,6.60e+00,2.06e+00,
591,6.60e+00,2.06e+00,
592,6.80e+00,2.06e+00,
593,6.80e+00,2.06e+00,
594,6.60e+00,2.06e+00,
595,6.60e+00,2.06e+00,
596,6.60e+00,2.06e+00,
597,6.60e+00,2.06e+00,
598,1.20e+00,2.06e+00,
599,1.20e+00,2.06e+00,
600,-9.80e+00,2.07e+00,
601,-9.80e+00,2.07e+00,
602,-9.80e+00,2.07e+00,
603,-9.80e+00,2.07e+00,
604,-9.80e+00,2.07e+00,
605,-9.80e+00,2.07e+00,
606,-9.80e+00,2.07e+00,
607,-9.80e+00,2.07e+00,
608,-9.80e+00,2.07e+00,
609,-9.80e+00,2.07e+00,
610,-9.80e+00,2.07e+00,
611,-9.80e+00,2.07e+00,
612,-9.80e+00,2.07e+00,
613,-9.80e+00,2.07e+00,
614,-9.80e+00,2.07e+00,
615,-9.80e+00,2.07e+00,
616,-9.80e+00,2.07e+00,
617,-9.80e+00,2.07e+00,
618,-9.80e+00,2.06e+00,
619,-9.80e+00,2.06e+00,
620,-9.80e+00,2.07e+00,
621,-9.80e+00,2.07e+00,
622,-1.00e+01,2.06e+00,
623,-1.00e+01,2.06e+00,
624,-9.80e+00,2.06e+00,
625,-9.80e+00,2.06e+00,
626,-9.80e+00,2.07e+00,
627,-9.80e+00,2.07e+00,
628,-9.80e+00,2.07e+00,
629,-9.80e+00,2.07e+00,
630,-9.80e+00,2.07e+00,
631,-9.80e+00,2.07e+00,
632,-9.80e+00,2.08e+00,
633,-9.80e+00,2.08e+00,
634,-9.80e+00,2.07e+00,
635,-9.80e+00,2.07e+00,
636,-9.80e+00,2.07e+00,
637,-9.80e+00,2.07e+00,
638,-1.00e+01,2.07e+00,
639,-1.00e+01,2.07e+00,
640,-9.80e+00,2.07e+00,
641,-9.80e+00,2.07e+00,
642,-9.80e+00,2.07e+00,
643,-9.80e+00,2.07e+00,
644,-9.80e+00,2.07e+00,
645,-9.80e+00,2.07e+00,
646,-1.00e+01,2.07e+00,
647,-1.00e+01,2.07e+00,
648,-9.80e+00,2.07e+00,
649,-9.80e+00,2.07e+00,
650,-9.80e+00,2.06e+00,
651,-9.80e+00,2.06e+00,
652,-9.80e+00,2.07e+00,
653,-9.80e+00,2.07e+00,
654,-9.80e+00,2.07e+00,
655,-9.80e+00,2.07e+00,
656,-1.00e+01,2.08e+00,
657,-1.00e+01,2.08e+00,
658,-9.80e+00,2.06e+00,
659,-9.80e+00,2.06e+00,
660,-9.80e+00,2.07e+00,
661,-9.80e+00,2.07e+00,
662,-1.00e+01,2.07e+00,
663,-1.00e+01,2.07e+00,
664,-9.80e+00,2.07e+00,
665,-9.80e+00,2.07e+00,
666,-9.80e+00,2.07e+00,
667,-9.80e+00,2.07e+00,
668,-9.80e+00,2.07e+00,
669,-9.80e+00,2.07e+00,
670,-9.80e+00,2.07e+00,
671,-9.80e+00,2.07e+00,
672,-9.80e+00,2.07e+00,
673,-9.80e+00,2.07e+00,
674,-1.00e+01,2.07e+00,
675,-1.00e+01,2.07e+00,
676,-9.80e+00,2.07e+00,
677,-9.80e+00,2.07e+00,
678,-9.80e+00,2.07e+00,
679,-9.80e+00,2.07e+00,
680,-9.80e+00,2.07e+00,
681,-9.80e+00,2.07e+00,
682,-9.80e+00,2.07e+00,
683,-9.80e+00,2.07e+00,
684,-9.80e+00,2.07e+00,
685,-9.80e+00,2.07e+00,
686,-9.80e+00,2.07e+00,
687,-9.80e+00,2.07e+00,
688,-9.60e+00,2.06e+00,
689,-9.60e+00,2.06e+00,
690,-9.80e+00,2.07e+00,
691,-9.80e+00,2.07e+00,
692,-9.80e+00,2.07e+00,
693,-9.80e+00,2.07e+00,
694,-9.80e+00,2.07e+00,
695,-9.80e+00,2.07e+00,
696,-9.80e+00,2.07e+00,
697,-9.80e+00,2.07e+00,
698,-9.80e+00,2.07e+00,
699,-9.80e+00,2.07e+00,
700,-9.80e+00,2.07e+00,
701,-9.80e+00,2.07e+00,
702,-9.80e+00,2.07e+00,
703,-9.80e+00,2.07e+00,
704,-9.80e+00,2.07e+00,
705,-9.80e+00,2.07e+00,
706,-9.80e+00,2.07e+00,
707,-9.80e+00,2.07e+00,
708,-9.80e+00,2.07e+00,
709,-9.80e+00,2.07e+00,
710,-1.02e+01,2.07e+00,
711,-1.02e+01,2.07e+00,
712,-1.00e+01,2.07e+00,
713,-1.00e+01,2.07e+00,
714,-9.60e+00,2.07e+00,
715,-9.60e+00,2.07e+00,
716,-9.80e+00,2.07e+00,
717,-9.80e+00,2.07e+00,
718,-1.00e+01,2.07e+00,
719,-1.00e+01,2.07e+00,
720,-9.80e+00,2.07e+00,
721,-9.80e+00,2.07e+00,
722,-9.80e+00,2.07e+00,
723,-9.80e+00,2.07e+00,
724,-9.80e+00,2.08e+00,
725,-9.80e+00,2.08e+00,
726,-9.80e+00,2.08e+00,
727,-9.80e+00,2.08e+00,
728,-9.80e+00,2.08e+00,
729,-9.80e+00,2.08e+00,
730,-9.80e+00,2.07e+00,
731,-9.80e+00,2.07e+00,
732,-1.00e+01,2.07e+00,
733,-1.00e+01,2.07e+00,
734,-9.80e+00,2.07e+00,
735,-9.80e+00,2.07e+00,
736,-9.80e+00,2.07e+00,
737,-9.80e+00,2.07e+00,
738,-1.00e+01,2.07e+00,
739,-1.00e+01,2.07e+00,
740,-9.80e+00,2.07e+00,
741,-9.80e+00,2.07e+00,
742,-9.80e+00,2.07e+00,
743,-9.80e+00,2.07e+00,
744,-9.80e+00,2.07e+00,
745,-9.80e+00,2.07e+00,
746,-9.60e+00,2.07e+00,
747,-9.60e+00,2.07e+00,
748,-9.80e+00,2.07e+00,
749,-9.80e+00,2.07e+00,
750,-9.80e+00,2.07e+00,
751,-9.80e+00,2.07e+00,
752,-9.80e+00,2.07e+00,
753,-9.80e+00,2.07e+00,
754,-9.80e+00,2.07e+00,
755,-9.80e+00,2.07e+00,
756,-9.80e+00,2.07e+00,
757,-9.80e+00,2.07e+00,
758,-9.80e+00,2.08e+00,
759,-9.80e+00,2.08e+00,
760,-9.80e+00,2.07e+00,
761,-9.80e+00,2.07e+00,
762,-9.80e+00,2.07e+00,
763,-9.80e+00,2.07e+00,
764,-9.80e+00,2.07e+00,
765,-9.80e+00,2.07e+00,
766,-9.80e+00,2.07e+00,
767,-9.80e+00,2.07e+00,
768,-9.80e+00,2.07e+00,
769,-9.80e+00,2.07e+00,
770,-9.80e+00,2.07e+00,
771,-9.80e+00,2.07e+00,
772,-9.80e+00,2.08e+00,
773,-9.80e+00,2.08e+00,
774,-1.00e+01,2.07e+00,
775,-1.00e+01,2.07e+00,
776,-9.80e+00,2.07e+00,
777,-9.80e+00,2.07e+00,
778,-9.80e+00,2.07e+00,
779,-9.80e+00,2.07e+00,
780,-9.80e+00,2.07e+00,
781,-9.80e+00,2.07e+00,
782,-9.80e+00,2.07e+00,
783,-9.80e+00,2.07e+00,
784,-9.80e+00,2.07e+00,
785,-9.80e+00,2.07e+00,
786,-9.80e+00,2.07e+00,
787,-9.80e+00,2.07e+00,
788,-9.80e+00,2.07e+00,
789,-9.80e+00,2.07e+00,
790,-9.80e+00,2.07e+00,
791,-9.80e+00,2.07e+00,
792,-1.00e+01,2.08e+00,
793,-1.00e+01,2.08e+00,
794,-1.00e+01,2.07e+00,
795,-1.00e+01,2.07e+00,
796,-1.00e+01,2.08e+00,
797,-1.00e+01,2.08e+00,
798,-9.80e+00,2.07e+00,
799,-9.80e+00,2.07e+00,
800,-9.80e+00,2.08e+00,
801,-9.80e+00,2.08e+00,
802,-9.80e+00,2.07e+00,
803,-9.80e+00,2.07e+00,
804,-9.80e+00,2.07e+00,
805,-9.80e+00,2.07e+00,
806,-1.00e+01,2.07e+00,
807,-1.00e+01,2.07e+00,
808,-9.80e+00,2.07e+00,
809,-9.80e+00,2.07e+00,
810,-9.80e+00,2.08e+00,
811,-9.80e+00,2.08e+00,
812,-9.80e+00,2.07e+00,
813,-9.80e+00,2.07e+00,
814,-9.80e+00,2.07e+00,
815,-9.80e+00,2.07e+00,
816,-9.80e+00,2.08e+00,
817,-9.80e+00,2.08e+00,
818,-9.80e+00,2.07e+00,
819,-9.80e+00,2.07e+00,
820,-9.80e+00,2.07e+00,
821,-9.80e+00,2.07e+00,
822,-1.00e+01,2.07e+00,
823,-1.00e+01,2.07e+00,
824,-9.80e+00,2.07e+00,
825,-9.80e+00,2.07e+00,
826,-9.80e+00,2.07e+00,
827,-9.80e+00,2.07e+00,
828,-9.80e+00,2.07e+00,
829,-9.80e+00,2.07e+00,
830,-9.80e+00,2.07e+00,
831,-9.80e+00,2.07e+00,
832,-9.80e+00,2.07e+00,
833,-9.80e+00,2.07e+00,
834,-9.80e+00,2.07e+00,
835,-9.80e+00,2.07e+00,
836,-1.00e+01,2.08e+00,
837,-1.00e+01,2.08e+00,
838,-9.80e+00,2.07e+00,
839,-9.80e+00,2.07e+00,
840,-1.00e+01,2.07e+00,
841,-1.00e+01,2.07e+00,
842,-1.00e+01,2.07e+00,
843,-1.00e+01,2.07e+00,
844,-9.80e+00,2.07e+00,
845,-9.80e+00,2.07e+00,
846,-1.00e+01,2.07e+00,
847,-1.00e+01,2.07e+00,
848,-9.80e+00,2.07e+00,
849,-9.80e+00,2.07e+00,
850,-9.80e+00,2.07e+00,
851,-9.80e+00,2.07e+00,
852,-9.80e+00,2.08e+00,
853,-9.80e+00,2.08e+00,
854,-9.80e+00,2.07e+00,
855,-9.80e+00,2.07e+00,
856,-9.80e+00,2.07e+00,
857,-9.80e+00,2.07e+00,
858,-1.00e+01,2.07e+00,
859,-1.00e+01,2.07e+00,
860,-9.60e+00,2.08e+00,
861,-9.60e+00,2.08e+00,
862,-1.00e+01,2.08e+00,
863,-1.00e+01,2.08e+00,
864,-9.80e+00,2.07e+00,
865,-9.80e+00,2.07e+00,
866,-9.80e+00,2.07e+00,
867,-9.80e+00,2.07e+00,
868,-9.60e+00,2.07e+00,
869,-9.60e+00,2.07e+00,
870,-1.00e+01,2.07e+00,
871,-1.00e+01,2.07e+00,
872,-9.80e+00,2.08e+00,
873,-9.80e+00,2.08e+00,
874,-1.00e+01,2.08e+00,
875,-1.00e+01,2.08e+00,
876,-1.00e+01,2.07e+00,
877,-1.00e+01,2.07e+00,
878,-9.80e+00,2.08e+00,
879,-9.80e+00,2.08e+00,
880,-9.80e+00,2.07e+00,
881,-9.80e+00,2.07e+00,
882,-1.00e+01,2.08e+00,
883,-1.00e+01,2.08e+00,
884,-1.00e+01,2.08e+00,
885,-1.00e+01,2.08e+00,
886,-9.80e+00,2.07e+00,
887,-9.80e+00,2.07e+00,
888,-9.80e+00,2.08e+00,
889,-9.80e+00,2.08e+00,
890,-1.00e+01,2.07e+00,
891,-1.00e+01,2.07e+00,
892,-9.80e+00,2.08e+00,
893,-9.80e+00,2.08e+00,
894,-9.80e+00,2.08e+00,
895,-9.80e+00,2.08e+00,
896,-9.60e+00,2.08e+00,
897,-9.60e+00,2.08e+00,
898,-1.00e+01,2.07e+00,
899,-1.00e+01,2.07e+00,
900,-9.80e+00,2.08e+00,
901,-9.80e+00,2.08e+00,
902,-9.80e+00,2.08e+00,
903,-9.80e+00,2.08e+00,
904,-9.80e+00,2.07e+00,
905,-9.80e+00,2.07e+00,
906,-9.80e+00,2.08e+00,
907,-9.80e+00,2.08e+00,
908,-9.80e+00,2.08e+00,
909,-9.80e+00,2.08e+00,
910,-9.80e+00,2.07e+00,
911,-9.80e+00,2.07e+00,
912,-9.80e+00,2.08e+00,
913,-9.80e+00,2.08e+00,
914,-9.80e+00,2.08e+00,
915,-9.80e+00,2.08e+00,
916,-1.00e+01,2.07e+00,
917,-1.00e+01,2.07e+00,
918,-9.80e+00,2.07e+00,
919,-9.80e+00,2.07e+00,
920,-9.80e+00,2.07e+00,
921,-9.80e+00,2.07e+00,
922,-9.80e+00,2.07e+00,
923,-9.80e+00,2.07e+00,
924,-1.00e+01,2.08e+00,
925,-1.00e+01,2.08e+00,
926,-9.80e+00,2.07e+00,
927,-9.80e+00,2.07e+00,
928,-1.00e+01,2.08e+00,
929,-1.00e+01,2.08e+00,
930,-9.80e+00,2.07e+00,
931,-9.80e+00,2.07e+00,
932,-9.80e+00,2.07e+00,
933,-9.80e+00,2.07e+00,
934,-1.00e+01,2.08e+00,
935,-1.00e+01,2.08e+00,
936,-9.80e+00,2.08e+00,
937,-9.80e+00,2.08e+00,
938,-9.80e+00,2.07e+00,
939,-9.80e+00,2.07e+00,
940,-9.80e+00,2.08e+00,
941,-9.80e+00,2.08e+00,
942,-1.00e+01,2.07e+00,
943,-1.00e+01,2.07e+00,
944,-1.00e+01,2.07e+00,
945,-1.00e+01,2.07e+00,
946,-1.00e+01,2.08e+00,
947,-1.00e+01,2.08e+00,
948,-1.00e+01,2.07e+00,
949,-1.00e+01,2.07e+00,
950,-1.00e+01,2.08e+00,
951,-1.00e+01,2.08e+00,
952,-9.80e+00,2.08e+00,
953,-9.80e+00,2.08e+00,
954,-9.80e+00,2.07e+00,
955,-9.80e+00,2.07e+00,
956,-9.80e+00,2.08e+00,
957,-9.80e+00,2.08e+00,
958,-9.80e+00,2.07e+00,
959,-9.80e+00,2.07e+00,
960,-1.00e+01,2.08e+00,
961,-1.00e+01,2.08e+00,
962,-9.80e+00,2.07e+00,
963,-9.80e+00,2.07e+00,
964,-9.80e+00,2.08e+00,
965,-9.80e+00,2.08e+00,
966,-9.80e+00,2.07e+00,
967,-9.80e+00,2.07e+00,
968,-9.80e+00,2.07e+00,
969,-9.80e+00,2.07e+00,
970,-9.80e+00,2.08e+00,
971,-9.80e+00,2.08e+00,
972,-9.80e+00,2.07e+00,
973,-9.80e+00,2.07e+00,
974,-1.00e+01,2.07e+00,
975,-1.00e+01,2.07e+00,
976,-9.80e+00,2.07e+00,
977,-9.80e+00,2.07e+00,
978,-9.80e+00,2.07e+00,
979,-9.80e+00,2.07e+00,
980,-9.80e+00,2.07e+00,
981,-9.80e+00,2.07e+00,
982,-1.00e+01,2.08e+00,
983,-1.00e+01,2.08e+00,
984,-9.80e+00,2.08e+00,
985,-9.80e+00,2.08e+00,
986,-9.80e+00,2.08e+00,
987,-9.80e+00,2.08e+00,
988,-9.80e+00,2.08e+00,
989,-9.80e+00,2.08e+00,
990,-9.80e+00,2.08e+00,
991,-9.80e+00,2.08e+00,
992,-9.80e+00,2.07e+00,
993,-9.80e+00,2.07e+00,
994,-1.00e+01,2.07e+00,
995,-1.00e+01,2.07e+00,
996,-9.80e+00,2.07e+00,
997,-9.80e+00,2.07e+00,
998,-9.80e+00,2.07e+00,
999,-9.80e+00,2.07e+00,
1000,-9.80e+00,2.08e+00,
1001,-9.80e+00,2.08e+00,
1002,-9.80e+00,2.07e+00,
1003,-9.80e+00,2.07e+00,
1004,-9.80e+00,2.08e+00,
1005,-9.80e+00,2.08e+00,
1006,-9.80e+00,2.07e+00,
1007,-9.80e+00,2.07e+00,
1008,-9.80e+00,2.07e+00,
1009,-9.80e+00,2.07e+00,
1010,-9.80e+00,2.08e+00,
1011,-9.80e+00,2.08e+00,
1012,-1.00e+01,2.08e+00,
1013,-1.00e+01,2.08e+00,
1014,-1.00e+01,2.07e+00,
1015,-1.00e+01,2.07e+00,
1016,-9.80e+00,2.07e+00,
1017,-9.80e+00,2.07e+00,
1018,-9.80e+00,2.08e+00,
1019,-9.80e+00,2.08e+00,
1020,-9.80e+00,2.07e+00,
1021,-9.80e+00,2.07e+00,
1022,-9.80e+00,2.08e+00,
1023,-9.80e+00,2.08e+00,
1024,-9.60e+00,2.08e+00,
1025,-9.60e+00,2.08e+00,
1026,-9.80e+00,2.08e+00,
1027,-9.80e+00,2.08e+00,
1028,-1.00e+01,2.07e+00,
1029,-1.00e+01,2.07e+00,
1030,-9.80e+00,2.07e+00,
1031,-9.80e+00,2.07e+00,
1032,-1.00e+01,2.08e+00,
1033,-1.00e+01,2.08e+00,
1034,-9.80e+00,2.07e+00,
1035,-9.80e+00,2.07e+00,
1036,-9.80e+00,2.08e+00,
1037,-9.80e+00,2.08e+00,
1038,-9.80e+00,2.08e+00,
1039,-9.80e+00,2.08e+00,
1040,-9.80e+00,2.08e+00,
1041,-9.80e+00,2.08e+00,
1042,-9.80e+00,2.08e+00,
1043,-9.80e+00,2.08e+00,
1044,-9.80e+00,2.07e+00,
1045,-9.80e+00,2.07e+00,
1046,-9.60e+00,2.08e+00,
1047,-9.60e+00,2.08e+00,
1048,-1.00e+01,2.07e+00,
1049,-1.00e+01,2.07e+00,
1050,-9.80e+00,2.07e+00,
1051,-9.80e+00,2.07e+00,
1052,-9.60e+00,2.08e+00,
1053,-9.60e+00,2.08e+00,
1054,-1.00e+01,2.07e+00,
1055,-1.00e+01,2.07e+00,
1056,-9.80e+00,2.07e+00,
1057,-9.80e+00,2.07e+00,
1058,-9.80e+00,2.08e+00,
1059,-9.80e+00,2.08e+00,
1060,-1.00e+01,2.08e+00,
1061,-1.00e+01,2.08e+00,
1062,-9.80e+00,2.07e+00,
1063,-9.80e+00,2.07e+00,
1064,-9.60e+00,2.08e+00,
1065,-9.60e+00,2.08e+00,
1066,-1.00e+01,2.07e+00,
1067,-1.00e+01,2.07e+00,
1068,-1.00e+01,2.08e+00,
1069,-1.00e+01,2.08e+00,
1070,-9.60e+00,2.08e+00,
1071,-9.60e+00,2.08e+00,
1072,-9.80e+00,2.07e+00,
1073,-9.80e+00,2.07e+00,
1074,-9.80e+00,2.08e+00,
1075,-9.80e+00,2.08e+00,
1076,-9.80e+00,2.07e+00,
1077,-9.80e+00,2.07e+00,
1078,-9.80e+00,2.08e+00,
1079,-9.80e+00,2.08e+00,
1080,-9.80e+00,2.08e+00,
1081,-9.80e+00,2.08e+00,
1082,-9.80e+00,2.07e+00,
1083,-9.80e+00,2.07e+00,
1084,-1.00e+01,2.07e+00,
1085,-1.00e+01,2.07e+00,
1086,-9.80e+00,2.08e+00,
1087,-9.80e+00,2.08e+00,
1088,-9.80e+00,2.08e+00,
1089,-9.80e+00,2.08e+00,
1090,-9.80e+00,2.07e+00,
1091,-9.80e+00,2.07e+00,
1092,-9.80e+00,2.08e+00,
1093,-9.80e+00,2.08e+00,
1094,-9.80e+00,2.08e+00,
1095,-9.80e+00,2.08e+00,
1096,-9.80e+00,2.07e+00,
1097,-9.80e+00,2.07e+00,
1098,-4.40e+00,2.08e+00,
1099,-4.40e+00,2.08e+00,
1100,6.80e+00,2.07e+00,
1101,6.80e+00,2.07e+00,
1102,6.80e+00,2.06e+00,
1103,6.80e+00,2.06e+00,
1104,7.00e+00,2.07e+00,
1105,7.00e+00,2.07e+00,
1106,6.60e+00,2.07e+00,
1107,6.60e+00,2.07e+00,
1108,6.80e+00,2.07e+00,
1109,6.80e+00,2.07e+00,
1110,6.80e+00,2.07e+00,
1111,6.80e+00,2.07e+00,
1112,6.80e+00,2.07e+00,
1113,6.80e+00,2.07e+00,
1114,6.80e+00,2.07e+00,
1115,6.80e+00,2.07e+00,
1116,6.60e+00,2.07e+00,
1117,6.60e+00,2.07e+00,
1118,6.80e+00,2.07e+00,
1119,6.80e+00,2.07e+00,
1120,6.80e+00,2.07e+00,
1121,6.80e+00,2.07e+00,
1122,6.80e+00,2.07e+00,
1123,6.80e+00,2.07e+00,
1124,6.80e+00,2.07e+00,
1125,6.80e+00,2.07e+00,
1126,6.60e+00,2.07e+00,
1127,6.60e+00,2.07e+00,
1128,6.60e+00,2.07e+00,
1129,6.60e+00,2.07e+00,
1130,6.60e+00,2.07e+00,
1131,6.60e+00,2.07e+00,
1132,7.00e+00,2.07e+00,
1133,7.00e+00,2.07e+00,
1134,6.60e+00,2.07e+00,
1135,6.60e+00,2.07e+00,
1136,6.60e+00,2.07e+00,
1137,6.60e+00,2.07e+00,
1138,6.60e+00,2.08e+00,
1139,6.60e+00,2.08e+00,
1140,6.80e+00,2.07e+00,
1141,6.80e+00,2.07e+00,
1142,6.80e+00,2.07e+00,
1143,6.80e+00,2.07e+00,
1144,6.60e+00,2.07e+00,
1145,6.60e+00,2.07e+00,
1146,6.60e+00,2.06e+00,
1147,6.60e+00,2.06e+00,
1148,6.80e+00,2.07e+00,
1149,6.80e+00,2.07e+00,
1150,6.60e+00,2.07e+00,
1151,6.60e+00,2.07e+00,
1152,6.60e+00,2.07e+00,
1153,6.60e+00,2.07e+00,
1154,6.80e+00,2.07e+00,
1155,6.80e+00,2.07e+00,
1156,6.60e+00,2.07e+00,
1157,6.60e+00,2.07e+00,
1158,6.60e+00,2.07e+00,
1159,6.60e+00,2.07e+00,
1160,6.60e+00,2.07e+00,
1161,6.60e+00,2.07e+00,
1162,6.60e+00,2.06e+00,
1163,6.60e+00,2.06e+00,
1164,6.60e+00,2.07e+00,
1165,6.60e+00,2.07e+00,
1166,6.60e+00,2.07e+00,
1167,6.60e+00,2.07e+00,
1168,6.80e+00,2.07e+00,
1169,6.80e+00,2.07e+00,
1170,6.80e+00,2.07e+00,
1171,6.80e+00,2.07e+00,
1172,6.80e+00,2.07e+00,
1173,6.80e+00,2.07e+00,
1174,6.80e+00,2.07e+00,
1175,6.80e+00,2.07e+00,
1176,6.80e+00,2.07e+00,
1177,6.80e+00,2.07e+00,
1178,6.60e+00,2.07e+00,
1179,6.60e+00,2.07e+00,
1180,6.60e+00,2.07e+00,
1181,6.60e+00,2.07e+00,
1182,6.60e+00,2.07e+00,
1183,6.60e+00,2.07e+00,
1184,6.80e+00,2.07e+00,
1185,6.80e+00,2.07e+00,
1186,6.80e+00,2.07e+00,
1187,6.80e+00,2.07e+00,
1188,6.80e+00,2.07e+00,
1189,6.80e+00,2.07e+00,
1190,6.80e+00,2.07e+00,
1191,6.80e+00,2.07e+00,
1192,6.80e+00,2.06e+00,
1193,6.80e+00,2.06e+00,
1194,6.60e+00,2.07e+00,
1195,6.60e+00,2.07e+00,
1196,6.60e+00,2.08e+00,
1197,6.60e+00,2.08e+00,
1198,6.60e+00,2.07e+00,
1199,6.60e+00,2.07e+00,
